[/Adj|Abbr][Nom]
[/Adj|Abbr][Nom][]
[/Adj|Abbr][Nom][Punct]
[/Adj][Abl]
[/Adj][Acc]
[/Adj][Ade]
[/Adj][All]
[/Adj][AnP][Abl]
[/Adj][AnP][Acc]
[/Adj][AnP][Ade]
[/Adj][AnP][All]
[/Adj][AnP][Dat]
[/Adj][AnP][Del]
[/Adj][AnP][Ela]
[/Adj][AnP][Ess]
[/Adj][AnP][Ill]
[/Adj][AnP][Ine]
[/Adj][AnP][Ins]
[/Adj][AnP][Nom]
[/Adj][AnP.Pl][Nom]
[/Adj][AnP][Subl]
[/Adj][AnP][Supe]
[/Adj][AnP][Ter]
[/Adj][AnP][Transl]
[/Adj|Attr]
[/Adj|Attr|Abbr][Nom]
[/Adj|Attr|Abbr][Nom][]
[/Adj|Attr|Abbr][Nom][Punct]
[/Adj|Attr][Abl]
[/Adj|Attr][Acc]
[/Adj|Attr][Ade]
[/Adj|Attr][All]
[/Adj|Attr][AnP][Acc]
[/Adj|Attr][AnP][All]
[/Adj|Attr][AnP][Dat]
[/Adj|Attr][AnP][Del]
[/Adj|Attr][AnP][Ins]
[/Adj|Attr][AnP][Nom]
[/Adj|Attr][AnP][Supe]
[/Adj|Attr][AnP][Transl]
[/Adj|Attr][Cau]
[/Adj|Attr][Dat]
[/Adj|Attr][Del]
[/Adj|Attr][Ela]
[/Adj|Attr][EssFor:ként]
[/Adj|Attr][Fam.Pl][Nom]
[/Adj|Attr][Ill]
[/Adj|Attr][Ine]
[/Adj|Attr][Ins]
[/Adj|Attr][_Manner:0/Adv]
[/Adj|Attr][_Manner/Adv]
[/Adj|Attr][Nom]
[/Adj|Attr][Nom][Hyph:Hyph]
[/Adj|Attr][Nom][Punct]
[/Adj|Attr][Pl][Abl]
[/Adj|Attr][Pl][Acc]
[/Adj|Attr][Pl][Ade]
[/Adj|Attr][Pl][All]
[/Adj|Attr][Pl][AnP][All]
[/Adj|Attr][Pl][AnP][Nom]
[/Adj|Attr][Pl][Dat]
[/Adj|Attr][Pl][Del]
[/Adj|Attr][Pl][Ela]
[/Adj|Attr][Pl][Ine]
[/Adj|Attr][Pl][Ins]
[/Adj|Attr][Pl][Nom]
[/Adj|Attr][Pl.Poss.1Pl][Del]
[/Adj|Attr][Pl.Poss.1Pl][Nom]
[/Adj|Attr][Pl.Poss.1Sg][Ins]
[/Adj|Attr][Pl.Poss.1Sg][Nom]
[/Adj|Attr][Pl.Poss.3Pl][Ade]
[/Adj|Attr][Pl.Poss.3Pl][Nom]
[/Adj|Attr][Pl.Poss.3Sg][Acc]
[/Adj|Attr][Pl.Poss.3Sg][Dat]
[/Adj|Attr][Pl.Poss.3Sg][Del]
[/Adj|Attr][Pl.Poss.3Sg][Ins]
[/Adj|Attr][Pl.Poss.3Sg][Nom]
[/Adj|Attr][Pl.Poss.3Sg][Transl]
[/Adj|Attr][Pl][Subl]
[/Adj|Attr][Pl][Transl]
[/Adj|Attr][Poss.1Pl][Ade]
[/Adj|Attr][Poss.1Pl][AnP][Nom]
[/Adj|Attr][Poss.1Pl][Nom]
[/Adj|Attr][Poss.1Pl][Temp]
[/Adj|Attr][Poss.1Sg][Acc]
[/Adj|Attr][Poss.1Sg][Nom]
[/Adj|Attr][Poss.1Sg][Subl]
[/Adj|Attr][Poss.1Sg][Transl]
[/Adj|Attr][Poss.2Pl][Acc]
[/Adj|Attr][Poss.2Pl][Ine]
[/Adj|Attr][Poss.2Pl][Ins]
[/Adj|Attr][Poss.2Pl][Nom]
[/Adj|Attr][Poss.2Sg][Acc]
[/Adj|Attr][Poss.2Sg][Nom]
[/Adj|Attr][Poss.3Pl][Acc]
[/Adj|Attr][Poss.3Pl][Ill]
[/Adj|Attr][Poss.3Pl][Ine]
[/Adj|Attr][Poss.3Pl][Nom]
[/Adj|Attr][Poss.3Sg][Abl]
[/Adj|Attr][Poss.3Sg][Acc]
[/Adj|Attr][Poss.3Sg][Dat]
[/Adj|Attr][Poss.3Sg][Del]
[/Adj|Attr][Poss.3Sg][Ela]
[/Adj|Attr][Poss.3Sg][Ill]
[/Adj|Attr][Poss.3Sg][Ine]
[/Adj|Attr][Poss.3Sg][Ins]
[/Adj|Attr][Poss.3Sg][Nom]
[/Adj|Attr][Poss.3Sg][Transl]
[/Adj|Attr|Pro][Nom]
[/Adj|Attr|Pro|Rel][Nom]
[/Adj|Attr|Pro][Supe]
[/Adj|Attr][Subl]
[/Adj|Attr][Supe]
[/Adj|Attr][Transl]
[/Adj][Cau]
[/Adj][_Comp/Adj][Abl]
[/Adj][_Comp/Adj][Acc]
[/Adj][_Comp/Adj][Ade]
[/Adj][_Comp/Adj][All]
[/Adj][_Comp/Adj][AnP][Nom]
[/Adj][_Comp/Adj][Dat]
[/Adj][_Comp/Adj][Del]
[/Adj][_Comp/Adj][_Design/Adj][Acc]
[/Adj][_Comp/Adj][_Design/Adj][AnP][Ins]
[/Adj][_Comp/Adj][_Design/Adj][Nom]
[/Adj][_Comp/Adj][_Design/Adj][Poss.3Sg][Ins]
[/Adj][_Comp/Adj][Ill]
[/Adj][_Comp/Adj][Ine]
[/Adj][_Comp/Adj][Ins]
[/Adj][_Comp/Adj][_Manner/Adv]
[/Adj][_Comp/Adj][Nom]
[/Adj][_Comp/Adj][Pl][Acc]
[/Adj][_Comp/Adj][Pl][Ade]
[/Adj][_Comp/Adj][Pl][All]
[/Adj][_Comp/Adj][Pl][AnP][Abl]
[/Adj][_Comp/Adj][Pl][AnP][Nom]
[/Adj][_Comp/Adj][Pl][Cau]
[/Adj][_Comp/Adj][Pl][Dat]
[/Adj][_Comp/Adj][Pl][Ine]
[/Adj][_Comp/Adj][Pl][Ins]
[/Adj][_Comp/Adj][Pl][Nom]
[/Adj][_Comp/Adj][Pl][Subl]
[/Adj][_Comp/Adj][Poss.3Sg][Ins]
[/Adj][_Comp/Adj][Poss.3Sg][Supe]
[/Adj][_Comp/Adj][Subl]
[/Adj][_Comp/Adj][Supe]
[/Adj][_Comp/Adj][Transl]
[/Adj][Dat]
[/Adj][Del]
[/Adj][_Distr:nként/Adv]
[/Adj][Ela]
[/Adj][Ess]
[/Adj][EssFor:ként]
[/Adj][EssFor:képp]
[/Adj][EssFor:képpen]
[/Adj][Fam.Pl][Acc]
[/Adj][Fam.Pl][Ade]
[/Adj][Fam.Pl][All]
[/Adj][Fam.Pl][Ins]
[/Adj][Fam.Pl][Nom]
[/Adj][Hyph:Hyph]
[/Adj][Ill]
[/Adj][Ine]
[/Adj][Ins]
[/Adj][_Manner:0/Adv]
[/Adj][_Manner/Adv]
[/Adj][Nom]
[/Adj][Nom][Hyph:Hyph]
[/Adj][Nom][Punct]
[/Adj][Nom][Punct][Punct]
[/Adj][Pl][Abl]
[/Adj][Pl][Acc]
[/Adj][Pl][Ade]
[/Adj][Pl][All]
[/Adj][Pl][AnP][Abl]
[/Adj][Pl][AnP][Acc]
[/Adj][Pl][AnP][Ade]
[/Adj][Pl][AnP][All]
[/Adj][Pl][AnP][Ine]
[/Adj][Pl][AnP][Ins]
[/Adj][Pl][AnP][Nom]
[/Adj][Pl][AnP][Supe]
[/Adj][Pl][Cau]
[/Adj][Pl][Dat]
[/Adj][Pl][Del]
[/Adj][Pl][Ela]
[/Adj][Pl][Ill]
[/Adj][Pl][Ine]
[/Adj][Pl][Ins]
[/Adj][Pl][Nom]
[/Adj][Pl][Nom][Punct]
[/Adj][Pl.Poss.1Pl][Acc]
[/Adj][Pl.Poss.1Pl][Ade]
[/Adj][Pl.Poss.1Pl][Dat]
[/Adj][Pl.Poss.1Pl][Ins]
[/Adj][Pl.Poss.1Pl][Nom]
[/Adj][Pl.Poss.1Sg][Abl]
[/Adj][Pl.Poss.1Sg][Acc]
[/Adj][Pl.Poss.1Sg][Dat]
[/Adj][Pl.Poss.1Sg][Del]
[/Adj][Pl.Poss.1Sg][Ine]
[/Adj][Pl.Poss.1Sg][Ins]
[/Adj][Pl.Poss.1Sg][Nom]
[/Adj][Pl.Poss.2Pl][Nom]
[/Adj][Pl.Poss.2Sg][Acc]
[/Adj][Pl.Poss.2Sg][Dat]
[/Adj][Pl.Poss.3Pl][Acc]
[/Adj][Pl.Poss.3Pl][Dat]
[/Adj][Pl.Poss.3Pl][Del]
[/Adj][Pl.Poss.3Pl][Ins]
[/Adj][Pl.Poss.3Pl][Nom]
[/Adj][Pl.Poss.3Sg][Abl]
[/Adj][Pl.Poss.3Sg][Acc]
[/Adj][Pl.Poss.3Sg][Ade]
[/Adj][Pl.Poss.3Sg][All]
[/Adj][Pl.Poss.3Sg][Dat]
[/Adj][Pl.Poss.3Sg][Del]
[/Adj][Pl.Poss.3Sg][Ela]
[/Adj][Pl.Poss.3Sg][EssFor:ként]
[/Adj][Pl.Poss.3Sg][Ill]
[/Adj][Pl.Poss.3Sg][Ine]
[/Adj][Pl.Poss.3Sg][Ins]
[/Adj][Pl.Poss.3Sg][Nom]
[/Adj][Pl.Poss.3Sg][Subl]
[/Adj][Pl.Poss.3Sg][Supe]
[/Adj][Pl.Poss.3Sg][Transl]
[/Adj][Pl][Subl]
[/Adj][Pl][Supe]
[/Adj][Pl][Ter]
[/Adj][Pl][Transl]
[/Adj][Poss.1Pl][Abl]
[/Adj][Poss.1Pl][Acc]
[/Adj][Poss.1Pl][All]
[/Adj][Poss.1Pl][Dat]
[/Adj][Poss.1Pl][Del]
[/Adj][Poss.1Pl][Ela]
[/Adj][Poss.1Pl][Ill]
[/Adj][Poss.1Pl][Ine]
[/Adj][Poss.1Pl][Ins]
[/Adj][Poss.1Pl][Nom]
[/Adj][Poss.1Pl][Subl]
[/Adj][Poss.1Pl][Supe]
[/Adj][Poss.1Pl][Temp]
[/Adj][Poss.1Sg][Abl]
[/Adj][Poss.1Sg][Acc]
[/Adj][Poss.1Sg][Ade]
[/Adj][Poss.1Sg][All]
[/Adj][Poss.1Sg][AnP][Nom]
[/Adj][Poss.1Sg][Dat]
[/Adj][Poss.1Sg][Del]
[/Adj][Poss.1Sg][Ela]
[/Adj][Poss.1Sg][Fam.Pl][All]
[/Adj][Poss.1Sg][Ine]
[/Adj][Poss.1Sg][Ins]
[/Adj][Poss.1Sg][Nom]
[/Adj][Poss.1Sg][Subl]
[/Adj][Poss.1Sg][Supe]
[/Adj][Poss.1Sg][Transl]
[/Adj][Poss.2Pl][All]
[/Adj][Poss.2Pl][Nom]
[/Adj][Poss.2Sg][Acc]
[/Adj][Poss.2Sg][AnP][Dat]
[/Adj][Poss.2Sg][AnP][Ine]
[/Adj][Poss.2Sg][Dat]
[/Adj][Poss.2Sg][Ine]
[/Adj][Poss.2Sg][Ins]
[/Adj][Poss.2Sg][Nom]
[/Adj][Poss.2Sg][Subl]
[/Adj][Poss.2Sg][Supe]
[/Adj][Poss.3Pl][Abl]
[/Adj][Poss.3Pl][Acc]
[/Adj][Poss.3Pl][Ade]
[/Adj][Poss.3Pl][All]
[/Adj][Poss.3Pl][Del]
[/Adj][Poss.3Pl][Ela]
[/Adj][Poss.3Pl][EssFor:ként]
[/Adj][Poss.3Pl][Ill]
[/Adj][Poss.3Pl][Ine]
[/Adj][Poss.3Pl][Ins]
[/Adj][Poss.3Pl][Nom]
[/Adj][Poss.3Pl][Subl]
[/Adj][Poss.3Pl][Supe]
[/Adj][Poss.3Sg][Abl]
[/Adj][Poss.3Sg][Acc]
[/Adj][Poss.3Sg][Acc][Punct]
[/Adj][Poss.3Sg][Ade]
[/Adj][Poss.3Sg][All]
[/Adj][Poss.3Sg][AnP][Acc]
[/Adj][Poss.3Sg][AnP][Nom]
[/Adj][Poss.3Sg][Cau]
[/Adj][Poss.3Sg][Dat]
[/Adj][Poss.3Sg][Del]
[/Adj][Poss.3Sg][Ela]
[/Adj][Poss.3Sg][EssFor:ként]
[/Adj][Poss.3Sg][Ill]
[/Adj][Poss.3Sg][Ine]
[/Adj][Poss.3Sg][Ins]
[/Adj][Poss.3Sg][Nom]
[/Adj][Poss.3Sg][Nom][Punct]
[/Adj][Poss.3Sg][Subl]
[/Adj][Poss.3Sg][Supe]
[/Adj][Poss.3Sg][Temp]
[/Adj][Poss.3Sg][Ter]
[/Adj][Poss.3Sg][Transl]
[/Adj|Pred]
[/Adj|Pred][Ela]
[/Adj|Pred][_Manner/Adv]
[/Adj|Pred][Nom]
[/Adj|Pred][Pl][Nom]
[/Adj|Pred|Pro][Nom]
[/Adj|Pred][Punct]
[/Adj|Pred][Supe]
[/Adj|Pro]
[/Adj|Pro][Abl]
[/Adj|Pro][Acc]
[/Adj|Pro][Ade]
[/Adj|Pro][All]
[/Adj|Pro][AnP][Acc]
[/Adj|Pro][AnP][Dat]
[/Adj|Pro][AnP][Ela]
[/Adj|Pro][AnP][Ill]
[/Adj|Pro][AnP][Ine]
[/Adj|Pro][AnP][Ins]
[/Adj|Pro][AnP][Nom]
[/Adj|Pro][AnP][Subl]
[/Adj|Pro][AnP][Supe]
[/Adj|Pro][Cau]
[/Adj|Pro][_Comp/Adj][Nom]
[/Adj|Pro][Dat]
[/Adj|Pro][Del]
[/Adj|Pro][Ela]
[/Adj|Pro][EssFor:ként]
[/Adj|Pro][Ill]
[/Adj|Pro][Ine]
[/Adj|Pro][Ins]
[/Adj|Pro|Int][Abl]
[/Adj|Pro|Int][Acc]
[/Adj|Pro|Int][Ade]
[/Adj|Pro|Int][All]
[/Adj|Pro|Int][AnP][Nom]
[/Adj|Pro|Int][Cau]
[/Adj|Pro|Int][Dat]
[/Adj|Pro|Int][Del]
[/Adj|Pro|Int][Ela]
[/Adj|Pro|Int][EssFor:ként]
[/Adj|Pro|Int][Ill]
[/Adj|Pro|Int][Ine]
[/Adj|Pro|Int][Ins]
[/Adj|Pro|Int][Nom]
[/Adj|Pro|Int][Pl][Acc]
[/Adj|Pro|Int][Pl][Nom]
[/Adj|Pro|Int][Poss.1Pl][Acc]
[/Adj|Pro|Int][Poss.1Pl][Nom]
[/Adj|Pro|Int][Poss.2Sg][Nom]
[/Adj|Pro|Int][Poss.2Sg][Supe]
[/Adj|Pro|Int][Poss.2Sg][Ter]
[/Adj|Pro|Int][Subl]
[/Adj|Pro|Int][Supe]
[/Adj|Pro|Int][Supe][Punct]
[/Adj|Pro|Int][Temp]
[/Adj|Pro|Int][Transl]
[/Adj|Pro][_Manner/Adv]
[/Adj|Pro][Nom]
[/Adj|Pro][Pl][Abl]
[/Adj|Pro][Pl][Acc]
[/Adj|Pro][Pl][Ade]
[/Adj|Pro][Pl][All]
[/Adj|Pro][Pl][AnP][Abl]
[/Adj|Pro][Pl][AnP][Ade]
[/Adj|Pro][Pl][AnP][Cau]
[/Adj|Pro][Pl][AnP][Nom]
[/Adj|Pro][Pl][Cau]
[/Adj|Pro][Pl][Dat]
[/Adj|Pro][Pl][Del]
[/Adj|Pro][Pl][Ela]
[/Adj|Pro][Pl][Ine]
[/Adj|Pro][Pl][Ins]
[/Adj|Pro][Pl][Nom]
[/Adj|Pro][Pl][Subl]
[/Adj|Pro][Pl][Supe]
[/Adj|Pro][Poss.1Pl][Dat]
[/Adj|Pro][Poss.1Pl][Nom]
[/Adj|Pro][Poss.1Sg][Nom]
[/Adj|Pro][Poss.2Sg][Nom]
[/Adj|Pro][Poss.3Pl][Acc]
[/Adj|Pro][Poss.3Pl][Dat]
[/Adj|Pro][Poss.3Pl][Ins]
[/Adj|Pro][Poss.3Pl][Nom]
[/Adj|Pro][Poss.3Sg][Acc]
[/Adj|Pro][Poss.3Sg][Dat]
[/Adj|Pro][Poss.3Sg][Ela]
[/Adj|Pro][Poss.3Sg][EssFor:ként]
[/Adj|Pro][Poss.3Sg][Ill]
[/Adj|Pro][Poss.3Sg][Ine]
[/Adj|Pro][Poss.3Sg][Ins]
[/Adj|Pro][Poss.3Sg][Nom]
[/Adj|Pro][Poss.3Sg][Subl]
[/Adj|Pro][Poss.3Sg][Supe]
[/Adj|Pro|Rel][Acc]
[/Adj|Pro|Rel][Dat]
[/Adj|Pro|Rel][Del]
[/Adj|Pro|Rel][Ill]
[/Adj|Pro|Rel][Ine]
[/Adj|Pro|Rel][Ins]
[/Adj|Pro|Rel][Nom]
[/Adj|Pro|Rel][Pl][Acc]
[/Adj|Pro|Rel][Pl][All]
[/Adj|Pro|Rel][Pl][Nom]
[/Adj|Pro|Rel][Subl]
[/Adj|Pro][Subl]
[/Adj|Pro][Supe]
[/Adj|Pro][Ter]
[/Adj|Pro][Transl]
[/Adj][Subl]
[/Adj][Supe]
[/Adj][Temp]
[/Adj][Ter]
[/Adj][Transl]
[/Adj|Unit][AnP][Transl]
[/Adj|Unit][Dat]
[/Adj|Unit][_Manner/Adv]
[/Adj|Unit][Nom]
[/Adj|Unit][Pl][Nom]
[/Adj|Unit][Pl.Poss.3Sg][Nom]
[/Adj|Unit][Poss.2Sg][Dat]
[/Adj|Unit][Poss.3Sg][Nom]
[/Adj|Unit][Poss.3Sg][Transl]
[/Adj|Unit][Subl]
[/Adv]
[/Adv|Abbr][]
[/Adv|Abbr][Punct]
[/Adv|Acronx]
[/Adv|(Adj)]
[/Adv|AdjMod]
[/Adv][All]
[/Adv][_Comp/Adv]
[/Adv][_Comp/Adv][Del]
[/Adv][_Comp/Adv][Subl]
[/Adv][Del]
[/Adv][Hyph:Slash]
[/Adv][Nom]
[/Adv|(Num)]
[/Adv|Pro]
[/Adv|Pro][1Pl]
[/Adv|Pro][1Sg]
[/Adv|Pro][2Pl]
[/Adv|Pro][2Sg]
[/Adv|Pro][3Pl]
[/Adv|Pro][3Sg]
[/Adv|Pro][Abl]
[/Adv|Pro|Int]
[/Adv|Pro|Int][Abl]
[/Adv|Pro|Int][Subl]
[/Adv|Pro|Rel]
[/Adv|Pro|Rel][Abl]
[/Adv|Pro|Rel][Subl]
[/Adv|Pro][Subl]
[/Adv|Pro][Ter]
[/Adv][Punct]
[/Adv][QPtcl]
[/Adv][Subl]
[/Adv][Supe]
[/Adv][Ter]
[/CmpdPfx]
[/Cnj]
[/Cnj|Abbr][]
[/Cnj|Abbr][Punct]
[/Cnj][Punct]
[/Cnj][QPtcl]
[/Det]
[/Det|art.Def]
[/Det|art.Def][Hyph:Slash]
[/Det|art.Def][Punct]
[/Det|art.NDef]
[/Det|art.NDef][Punct]
[/Det|Pro]
[/Det|Pro][Abl]
[/Det|Pro][Acc]
[/Det|Pro][Ade]
[/Det|Pro][All]
[/Det|Pro][AnP][Nom]
[/Det|Pro][Cau]
[/Det|Pro][Dat]
[/Det|Pro|def]
[/Det|Pro|def][Punct]
[/Det|Pro][Del]
[/Det|Pro][Ela]
[/Det|Pro][EssFor:ként]
[/Det|Pro][Ill]
[/Det|Pro][Ine]
[/Det|Pro][Ins]
[/Det|Pro|Int]
[/Det|Pro][Nom]
[/Det|Pro][Nom][Punct]
[/Det|Pro][Pl][Abl]
[/Det|Pro][Pl][Acc]
[/Det|Pro][Pl][Ade]
[/Det|Pro][Pl][All]
[/Det|Pro][Pl][AnP][Acc]
[/Det|Pro][Pl][AnP][Del]
[/Det|Pro][Pl][AnP][Nom]
[/Det|Pro][Pl][Cau]
[/Det|Pro][Pl][Dat]
[/Det|Pro][Pl][Del]
[/Det|Pro][Pl][Ela]
[/Det|Pro][Pl][Ill]
[/Det|Pro][Pl][Ine]
[/Det|Pro][Pl][Ins]
[/Det|Pro][Pl][Nom]
[/Det|Pro][Pl][Subl]
[/Det|Pro][Pl][Supe]
[/Det|Pro][Pl][Ter]
[/Det|Pro][Poss.3Sg][Nom]
[/Det|Pro|(Post)]
[/Det|Pro|(Post)][Hyph:Slash]
[/Det|Pro|(Post)][Punct]
[/Det|Pro][Punct]
[/Det|Pro|Rel]
[/Det|Pro][Subl]
[/Det|Pro][Supe]
[/Det|Pro][Temp]
[/Det|Pro][Ter]
[/Det|Pro][Transl]
[/Det|Q]
[/Det|Q|indef]
[/Ger:At][_Tmp_Loc/Adv]
[Hyph:Hyph]
[Hyph:Hyph][Punct]
[Hyph:Slash]
[Hyph:Slash][Punct]
[/Inj-Utt]
[/Inj-Utt][Punct]
[/N]
[/N|Abbr|Unit][Nom]
[/N][Abl]
[/N][Acc]
[/N][Acc][Punct]
[/N][Ade]
[/N][All]
[/N][AnP][Abl]
[/N][AnP][Acc]
[/N][AnP][Acc][Punct]
[/N][AnP][Ade]
[/N][AnP][All]
[/N][AnP][Cau]
[/N][AnP][Dat]
[/N][AnP][Del]
[/N][AnP][Ela]
[/N][AnP][Ess]
[/N][AnP][Ill]
[/N][AnP][Ine]
[/N][AnP][Ins]
[/N][AnP][Nom]
[/N][AnP][Nom][Punct]
[/N][AnP.Pl][Acc]
[/N][AnP.Pl][Ins]
[/N][AnP.Pl][Nom]
[/N][AnP][Subl]
[/N][AnP][Supe]
[/N][AnP][Ter]
[/N][AnP][Transl]
[/N][Cau]
[/N][_Comp/Adj][Subl]
[/N][_Com:stUl/Adv]
[/N][Dat]
[/N][Dat][Punct]
[/N][Del]
[/N][_DistrFrq:ntA/Adv]
[/N][_Distr:nként/Adv]
[/N][Ela]
[/N][Ess]
[/N][EssFor:ként]
[/N][EssFor:képp]
[/N][EssFor:képpen]
[/N][Ess][Punct]
[/N][Fam.Pl][Abl]
[/N][Fam.Pl][Acc]
[/N][Fam.Pl][Ade]
[/N][Fam.Pl][All]
[/N][Fam.Pl][AnP][Nom]
[/N][Fam.Pl][Dat]
[/N][Fam.Pl][Ela]
[/N][Fam.Pl][Ill]
[/N][Fam.Pl][Ine]
[/N][Fam.Pl][Ins]
[/N][Fam.Pl][Nom]
[/N][Fam.Pl][Subl]
[/N][Fam.Pl][Supe]
[/N][Hyph:Hyph]
[/N][Ill]
[/N][Ine]
[/N][Ine][Punct]
[/N][Inl]
[/N][Ins]
[/N][Nom]
[/N][Nom][]
[/N][Nom][Hyph:Hyph]
[/N][Nom][Hyph:Slash]
[/N][Nom][Punct]
[/N][Nom][Punct][Punct]
[/N][Nom][QPtcl]
None
[/N][Pl][Abl]
[/N][Pl][Acc]
[/N][Pl][Ade]
[/N][Pl][All]
[/N][Pl][AnP][Abl]
[/N][Pl][AnP][Acc]
[/N][Pl][AnP][Ade]
[/N][Pl][AnP][All]
[/N][Pl][AnP][Cau]
[/N][Pl][AnP][Dat]
[/N][Pl][AnP][Del]
[/N][Pl][AnP][Ela]
[/N][Pl][AnP][Ine]
[/N][Pl][AnP][Ins]
[/N][Pl][AnP][Nom]
[/N][Pl][AnP][Subl]
[/N][Pl][AnP][Supe]
[/N][Pl][Cau]
[/N][Pl][Dat]
[/N][Pl][Del]
[/N][Pl][Ela]
[/N][Pl][EssFor:ként]
[/N][Pl][Ill]
[/N][Pl][Ine]
[/N][Pl][Ins]
[/N][Pl][Nom]
[/N][Pl][Nom][Punct]
[/N][Pl.Poss.1Pl][Abl]
[/N][Pl.Poss.1Pl][Acc]
[/N][Pl.Poss.1Pl][Ade]
[/N][Pl.Poss.1Pl][All]
[/N][Pl.Poss.1Pl][Dat]
[/N][Pl.Poss.1Pl][Del]
[/N][Pl.Poss.1Pl][Ela]
[/N][Pl.Poss.1Pl][Ill]
[/N][Pl.Poss.1Pl][Ine]
[/N][Pl.Poss.1Pl][Ins]
[/N][Pl.Poss.1Pl][Nom]
[/N][Pl.Poss.1Pl][Subl]
[/N][Pl.Poss.1Pl][Supe]
[/N][Pl.Poss.1Pl][Ter]
[/N][Pl.Poss.1Sg][Abl]
[/N][Pl.Poss.1Sg][Acc]
[/N][Pl.Poss.1Sg][Ade]
[/N][Pl.Poss.1Sg][All]
[/N][Pl.Poss.1Sg][AnP][Nom]
[/N][Pl.Poss.1Sg][Cau]
[/N][Pl.Poss.1Sg][Dat]
[/N][Pl.Poss.1Sg][Del]
[/N][Pl.Poss.1Sg][Ela]
[/N][Pl.Poss.1Sg][Ine]
[/N][Pl.Poss.1Sg][Ins]
[/N][Pl.Poss.1Sg][Nom]
[/N][Pl.Poss.1Sg][Subl]
[/N][Pl.Poss.1Sg][Supe]
[/N][Pl.Poss.2Pl][Acc]
[/N][Pl.Poss.2Pl][Ins]
[/N][Pl.Poss.2Pl][Nom]
[/N][Pl.Poss.2Pl][Supe]
[/N][Pl.Poss.2Sg][Acc]
[/N][Pl.Poss.2Sg][All]
[/N][Pl.Poss.2Sg][Cau]
[/N][Pl.Poss.2Sg][Dat]
[/N][Pl.Poss.2Sg][Del]
[/N][Pl.Poss.2Sg][Ine]
[/N][Pl.Poss.2Sg][Ins]
[/N][Pl.Poss.2Sg][Nom]
[/N][Pl.Poss.2Sg][Subl]
[/N][Pl.Poss.3Pl][Abl]
[/N][Pl.Poss.3Pl][Acc]
[/N][Pl.Poss.3Pl][Ade]
[/N][Pl.Poss.3Pl][All]
[/N][Pl.Poss.3Pl][AnP][Acc]
[/N][Pl.Poss.3Pl][Cau]
[/N][Pl.Poss.3Pl][Dat]
[/N][Pl.Poss.3Pl][Del]
[/N][Pl.Poss.3Pl][Ela]
[/N][Pl.Poss.3Pl][Ill]
[/N][Pl.Poss.3Pl][Ine]
[/N][Pl.Poss.3Pl][Ins]
[/N][Pl.Poss.3Pl][Nom]
[/N][Pl.Poss.3Pl][Subl]
[/N][Pl.Poss.3Pl][Supe]
[/N][Pl.Poss.3Sg][Abl]
[/N][Pl.Poss.3Sg][Acc]
[/N][Pl.Poss.3Sg][Ade]
[/N][Pl.Poss.3Sg][All]
[/N][Pl.Poss.3Sg][AnP][Ade]
[/N][Pl.Poss.3Sg][AnP][Nom]
[/N][Pl.Poss.3Sg][Cau]
[/N][Pl.Poss.3Sg][Dat]
[/N][Pl.Poss.3Sg][Del]
[/N][Pl.Poss.3Sg][Ela]
[/N][Pl.Poss.3Sg][EssFor:ként]
[/N][Pl.Poss.3Sg][Ill]
[/N][Pl.Poss.3Sg][Ine]
[/N][Pl.Poss.3Sg][Ins]
[/N][Pl.Poss.3Sg][Nom]
[/N][Pl.Poss.3Sg][Subl]
[/N][Pl.Poss.3Sg][Supe]
[/N][Pl.Poss.3Sg][Ter]
[/N][Pl.Poss.3Sg][Transl]
[/N][Pl][Subl]
[/N][Pl][Supe]
[/N][Pl][Temp]
[/N][Pl][Ter]
[/N][Pl][Transl]
[/N][Poss.1Pl][Abl]
[/N][Poss.1Pl][Acc]
[/N][Poss.1Pl][Ade]
[/N][Poss.1Pl][All]
[/N][Poss.1Pl][AnP][Nom]
[/N][Poss.1Pl][Cau]
[/N][Poss.1Pl][Dat]
[/N][Poss.1Pl][Del]
[/N][Poss.1Pl][Ela]
[/N][Poss.1Pl][Ess]
[/N][Poss.1Pl][Ill]
[/N][Poss.1Pl][Ine]
[/N][Poss.1Pl][Ins]
[/N][Poss.1Pl][Nom]
[/N][Poss.1Pl][Subl]
[/N][Poss.1Pl][Supe]
[/N][Poss.1Pl][Temp]
[/N][Poss.1Pl][Ter]
[/N][Poss.1Pl][Transl]
[/N][Poss.1Sg][Abl]
[/N][Poss.1Sg][Acc]
[/N][Poss.1Sg][Ade]
[/N][Poss.1Sg][All]
[/N][Poss.1Sg][AnP][All]
[/N][Poss.1Sg][AnP][Del]
[/N][Poss.1Sg][AnP][Ins]
[/N][Poss.1Sg][AnP][Nom]
[/N][Poss.1Sg][AnP][Subl]
[/N][Poss.1Sg][AnP][Supe]
[/N][Poss.1Sg][Cau]
[/N][Poss.1Sg][Dat]
[/N][Poss.1Sg][Del]
[/N][Poss.1Sg][Ela]
[/N][Poss.1Sg][Ess]
[/N][Poss.1Sg][EssFor:ként]
[/N][Poss.1Sg][Fam.Pl][Acc]
[/N][Poss.1Sg][Fam.Pl][Ade]
[/N][Poss.1Sg][Fam.Pl][All]
[/N][Poss.1Sg][Fam.Pl][AnP][Nom]
[/N][Poss.1Sg][Fam.Pl][Dat]
[/N][Poss.1Sg][Fam.Pl][Ins]
[/N][Poss.1Sg][Fam.Pl][Nom]
[/N][Poss.1Sg][Ill]
[/N][Poss.1Sg][Ine]
[/N][Poss.1Sg][Ins]
[/N][Poss.1Sg][Nom]
[/N][Poss.1Sg][Subl]
[/N][Poss.1Sg][Supe]
[/N][Poss.1Sg][Temp]
[/N][Poss.1Sg][Ter]
[/N][Poss.1Sg][Transl]
[/N][Poss.2Pl][Acc]
[/N][Poss.2Pl][Ade]
[/N][Poss.2Pl][All]
[/N][Poss.2Pl][AnP][Nom]
[/N][Poss.2Pl][Cau]
[/N][Poss.2Pl][Dat]
[/N][Poss.2Pl][Del]
[/N][Poss.2Pl][Ill]
[/N][Poss.2Pl][Ine]
[/N][Poss.2Pl][Ins]
[/N][Poss.2Pl][Nom]
[/N][Poss.2Pl][Subl]
[/N][Poss.2Pl][Supe]
[/N][Poss.2Sg][Abl]
[/N][Poss.2Sg][Acc]
[/N][Poss.2Sg][Ade]
[/N][Poss.2Sg][All]
[/N][Poss.2Sg][AnP][Acc]
[/N][Poss.2Sg][AnP][Dat]
[/N][Poss.2Sg][AnP][Ine]
[/N][Poss.2Sg][AnP][Ins]
[/N][Poss.2Sg][AnP][Nom]
[/N][Poss.2Sg][AnP][Supe]
[/N][Poss.2Sg][Cau]
[/N][Poss.2Sg][Dat]
[/N][Poss.2Sg][Del]
[/N][Poss.2Sg][Ela]
[/N][Poss.2Sg][Ess]
[/N][Poss.2Sg][Fam.Pl][Acc]
[/N][Poss.2Sg][Fam.Pl][Del]
[/N][Poss.2Sg][Fam.Pl][Ins]
[/N][Poss.2Sg][Fam.Pl][Nom]
[/N][Poss.2Sg][Ill]
[/N][Poss.2Sg][Ine]
[/N][Poss.2Sg][Ins]
[/N][Poss.2Sg][Nom]
[/N][Poss.2Sg][Subl]
[/N][Poss.2Sg][Supe]
[/N][Poss.2Sg][Ter]
[/N][Poss.3Pl][Abl]
[/N][Poss.3Pl][Acc]
[/N][Poss.3Pl][Ade]
[/N][Poss.3Pl][All]
[/N][Poss.3Pl][Cau]
[/N][Poss.3Pl][Dat]
[/N][Poss.3Pl][Del]
[/N][Poss.3Pl][Ela]
[/N][Poss.3Pl][EssFor:ként]
[/N][Poss.3Pl][Ill]
[/N][Poss.3Pl][Ine]
[/N][Poss.3Pl][Ins]
[/N][Poss.3Pl][Nom]
[/N][Poss.3Pl][Subl]
[/N][Poss.3Pl][Supe]
[/N][Poss.3Pl][Temp]
[/N][Poss.3Pl][Ter]
[/N][Poss.3Pl][Transl]
[/N][Poss.3Sg][Abl]
[/N][Poss.3Sg][Acc]
[/N][Poss.3Sg][Acc][Punct]
[/N][Poss.3Sg][Ade]
[/N][Poss.3Sg][All]
[/N][Poss.3Sg][AnP][Acc]
[/N][Poss.3Sg][AnP][All]
[/N][Poss.3Sg][AnP][Nom]
[/N][Poss.3Sg][AnP][Ter]
[/N][Poss.3Sg][Cau]
[/N][Poss.3Sg][Dat]
[/N][Poss.3Sg][Del]
[/N][Poss.3Sg][Ela]
[/N][Poss.3Sg][Ess]
[/N][Poss.3Sg][EssFor:ként]
[/N][Poss.3Sg][EssFor:képp]
[/N][Poss.3Sg][EssFor:képpen]
[/N][Poss.3Sg][Fam.Pl][Ade]
[/N][Poss.3Sg][Ill]
[/N][Poss.3Sg][Ine]
[/N][Poss.3Sg][Ins]
[/N][Poss.3Sg][Nom]
[/N][Poss.3Sg][Nom][Punct]
[/N][Poss.3Sg][Subl]
[/N][Poss.3Sg][Supe]
[/N][Poss.3Sg][Temp]
[/N][Poss.3Sg][Ter]
[/N][Poss.3Sg][Transl]
[/N|Pro][1Pl][Abl]
[/N|Pro][1][Pl][Acc]
[/N|Pro][1Pl][Acc]
[/N|Pro][1Pl][All]
[/N|Pro][1Pl][Cau]
[/N|Pro][1Pl][Dat]
[/N|Pro][1Pl][Del]
[/N|Pro][1Pl][Ela]
[/N|Pro][1Pl][Ill]
[/N|Pro][1Pl][Ine]
[/N|Pro][1Pl][Ins]
[/N|Pro][1Pl][Nom]
[/N|Pro][1Pl][Subl]
[/N|Pro][1Pl][Supe]
[/N|Pro][1Sg][Abl]
[/N|Pro][1][Sg][Acc]
[/N|Pro][1Sg][Acc]
[/N|Pro][1Sg][Ade]
[/N|Pro][1Sg][All]
[/N|Pro][1Sg][AnP][Acc]
[/N|Pro][1Sg][AnP][Dat]
[/N|Pro][1Sg][Cau]
[/N|Pro][1Sg][Dat]
[/N|Pro][1Sg][Del]
[/N|Pro][1Sg][Ela]
[/N|Pro][1Sg][Ill]
[/N|Pro][1Sg][Ine]
[/N|Pro][1Sg][Ins]
[/N|Pro][1Sg][Nom]
[/N|Pro][1Sg][Nom][Punct]
[/N|Pro][1Sg][Subl]
[/N|Pro][1Sg][Supe]
[/N|Pro][2][Pl][Acc]
[/N|Pro][2Pl][Acc]
[/N|Pro][2Pl][AnP][Acc]
[/N|Pro][2Pl][Dat]
[/N|Pro][2Pl][Ins]
[/N|Pro][2Pl][Nom]
[/N|Pro][2Pl][Nom][Punct]
[/N|Pro][2Pl][Subl]
[/N|Pro][2Sg][Abl]
[/N|Pro][2][Sg][Acc]
[/N|Pro][2Sg][Acc]
[/N|Pro][2Sg][All]
[/N|Pro][2Sg][Dat]
[/N|Pro][2Sg][Del]
[/N|Pro][2Sg][Ela]
[/N|Pro][2Sg][Ill]
[/N|Pro][2Sg][Ine]
[/N|Pro][2Sg][Ins]
[/N|Pro][2Sg][Nom]
[/N|Pro][2Sg][Subl]
[/N|Pro][2Sg][Supe]
[/N|Pro][3Pl][Abl]
[/N|Pro][3Pl][Acc]
[/N|Pro][3Pl][Acc][Punct]
[/N|Pro][3Pl][Ade]
[/N|Pro][3Pl][All]
[/N|Pro][3Pl][AnP][Acc]
[/N|Pro][3Pl][AnP][Dat]
[/N|Pro][3Pl][AnP][Transl]
[/N|Pro][3Pl][Cau]
[/N|Pro][3Pl][Dat]
[/N|Pro][3Pl][Del]
[/N|Pro][3Pl][Ela]
[/N|Pro][3Pl][Ill]
[/N|Pro][3Pl][Ine]
[/N|Pro][3Pl][Ins]
[/N|Pro][3Pl][Nom]
[/N|Pro][3Pl][Subl]
[/N|Pro][3Pl][Supe]
[/N|Pro][3Sg][Abl]
[/N|Pro][3][S][g][Acc]
[/N|Pro][3Sg][Acc]
[/N|Pro][3Sg][Ade]
[/N|Pro][3Sg][All]
[/N|Pro][3Sg][AnP][Acc]
[/N|Pro][3Sg][AnP][Dat]
[/N|Pro][3Sg][AnP][Nom]
[/N|Pro][3Sg][AnP.Pl][Ins]
[/N|Pro][3Sg][AnP][Transl]
[/N|Pro][3Sg][Cau]
[/N|Pro][3Sg][Dat]
[/N|Pro][3Sg][Del]
[/N|Pro][3Sg][Ela]
[/N|Pro][3Sg][Ill]
[/N|Pro][3Sg][Ine]
[/N|Pro][3Sg][Ins]
[/N|Pro][3Sg][Nom]
[/N|Pro][3Sg][Subl]
[/N|Pro][3Sg][Supe]
[/N|Pro|Abbr][Nom][]
[/N|Pro|Abbr][Nom][Punct]
[/N|Pro][Abl]
[/N|Pro][Abl][1Pl]
[/N|Pro][Abl][1Sg]
[/N|Pro][Abl][2Pl]
[/N|Pro][Abl][2Sg]
[/N|Pro][Abl][3Pl]
[/N|Pro][Abl][3Sg]
[/N|Pro][Acc]
[/N|Pro][Acc][Punct]
[/N|Pro][Ade]
[/N|Pro][Ade][1Pl]
[/N|Pro][Ade][1Sg]
[/N|Pro][Ade][2Pl]
[/N|Pro][Ade][2Sg]
[/N|Pro][Ade][3Pl]
[/N|Pro][Ade][3Sg]
[/N|Pro][All]
[/N|Pro][All][1Pl]
[/N|Pro][All][1Sg]
[/N|Pro][All][2Pl]
[/N|Pro][All][2Sg]
[/N|Pro][All][3Pl]
[/N|Pro][All][3Sg]
[/N|Pro][AnP][1Pl][Acc]
[/N|Pro][AnP][1Pl][Ade]
[/N|Pro][AnP][1Pl][All]
[/N|Pro][AnP][1Pl][Ill]
[/N|Pro][AnP][1Pl][Ine]
[/N|Pro][AnP][1Pl][Nom]
[/N|Pro][AnP][1Sg][Acc]
[/N|Pro][AnP][1Sg][Ade]
[/N|Pro][AnP][1Sg][All]
[/N|Pro][AnP][1Sg][Ine]
[/N|Pro][AnP][1Sg][Ins]
[/N|Pro][AnP][1Sg][Nom]
[/N|Pro][AnP][1Sg][Pl][Nom]
[/N|Pro][AnP][2Pl][Nom]
[/N|Pro][AnP][2Sg][All]
[/N|Pro][AnP][2Sg][Nom]
[/N|Pro][AnP][3Pl][AnP][Nom]
[/N|Pro][AnP][3Pl][Nom]
[/N|Pro][AnP][3Sg][Abl]
[/N|Pro][AnP][3Sg][Acc]
[/N|Pro][AnP][3Sg][All]
[/N|Pro][AnP][3Sg][Dat]
[/N|Pro][AnP][3Sg][Ela]
[/N|Pro][AnP][3Sg][Ill]
[/N|Pro][AnP][3Sg][Nom]
[/N|Pro][AnP][3Sg][Subl]
[/N|Pro][AnP][Acc]
[/N|Pro][AnP][All]
[/N|Pro][AnP][Dat]
[/N|Pro][AnP][Ela]
[/N|Pro][AnP][Ill]
[/N|Pro][AnP][Ine]
[/N|Pro][AnP][Ins]
[/N|Pro][AnP][Nom]
[/N|Pro][AnP.Pl][1Pl][Acc]
[/N|Pro][AnP.Pl][1Pl][Nom]
[/N|Pro][AnP.Pl][3Sg][Acc]
[/N|Pro][AnP.Pl][3Sg][Nom]
[/N|Pro][AnP][Subl]
[/N|Pro][AnP][Supe]
[/N|Pro][Cau]
[/N|Pro][Cau][1Pl]
[/N|Pro][Cau][1Sg]
[/N|Pro][Cau][2Pl]
[/N|Pro][Cau][2Sg]
[/N|Pro][Cau][3Pl]
[/N|Pro][Cau][3Sg]
[/N|Pro][_Comp/N|Pro][Pl][Abl]
[/N|Pro][_Comp/N|Pro][Pl][Dat]
[/N|Pro][_Comp/N|Pro][Pl][Nom]
[/N|Pro][Dat]
[/N|Pro][Dat][1Pl]
[/N|Pro][Dat][1Sg]
[/N|Pro][Dat][1Sg][Punct]
[/N|Pro][Dat][2Pl]
[/N|Pro][Dat][2Sg]
[/N|Pro][Dat][3Pl]
[/N|Pro][Dat][3Sg]
[/N|Pro][Dat][3Sg][Punct]
[/N|Pro][Del]
[/N|Pro][Del][1Pl]
[/N|Pro][Del][1Sg]
[/N|Pro][Del][2Pl]
[/N|Pro][Del][2Sg]
[/N|Pro][Del][3Pl]
[/N|Pro][Del][3Sg]
[/N|Pro][_Distr:nként/Adv]
[/N|Pro][Ela]
[/N|Pro][Ela][1Pl]
[/N|Pro][Ela][1Sg]
[/N|Pro][Ela][2Sg]
[/N|Pro][Ela][3Pl]
[/N|Pro][Ela][3Sg]
[/N|Pro][EssFor:ként]
[/N|Pro][EssFor:képp]
[/N|Pro][EssFor:képpen]
[/N|Pro][Fam.Pl][Nom]
[/N|Pro][Ill]
[/N|Pro][Ill][1Pl]
[/N|Pro][Ill][1Sg]
[/N|Pro][Ill][2Sg]
[/N|Pro][Ill][3Pl]
[/N|Pro][Ill][3Sg]
[/N|Pro][Ine]
[/N|Pro][Ine][1Pl]
[/N|Pro][Ine][1Sg]
[/N|Pro][Ine][2Pl]
[/N|Pro][Ine][2Sg]
[/N|Pro][Ine][3Pl]
[/N|Pro][Ine][3Sg]
[/N|Pro][Ine][3Sg][Punct]
[/N|Pro][Ins]
[/N|Pro][Ins][1Pl]
[/N|Pro][Ins][1Sg]
[/N|Pro][Ins][2Pl]
[/N|Pro][Ins][2Sg]
[/N|Pro][Ins][3Pl]
[/N|Pro][Ins][3Sg]
[/N|Pro][Ins][3Sg][Punct]
[/N|Pro|Int][Abl]
[/N|Pro|Int][Acc]
[/N|Pro|Int][Ade]
[/N|Pro|Int][All]
[/N|Pro|Int][AnP][Ine]
[/N|Pro|Int][AnP][Nom]
[/N|Pro|Int][Cau]
[/N|Pro|Int][Dat]
[/N|Pro|Int][Del]
[/N|Pro|Int][Ela]
[/N|Pro|Int][EssFor:ként]
[/N|Pro|Int][EssFor:képp]
[/N|Pro|Int][EssFor:képpen]
[/N|Pro|Int][Ill]
[/N|Pro|Int][Ine]
[/N|Pro|Int][Ins]
[/N|Pro|Int][Nom]
[/N|Pro|Int][Nom][Hyph:Hyph]
[/N|Pro|Int][Nom][Punct]
[/N|Pro|Int][Pl][Acc]
[/N|Pro|Int][Pl][All]
[/N|Pro|Int][Pl][Dat]
[/N|Pro|Int][Pl][Del]
[/N|Pro|Int][Pl][Ins]
[/N|Pro|Int][Pl][Nom]
[/N|Pro|Int][Pl][Subl]
[/N|Pro|Int][Poss.1Pl][Acc]
[/N|Pro|Int][Poss.1Pl][Nom]
[/N|Pro|Int][Poss.1Sg][Cau]
[/N|Pro|Int][Poss.1Sg][Ins]
[/N|Pro|Int][Poss.1Sg][Nom]
[/N|Pro|Int][Poss.2Sg][Nom]
[/N|Pro|Int][Poss.2Sg][Supe]
[/N|Pro|Int][Poss.2Sg][Ter]
[/N|Pro|Int][Poss.3Pl][Abl]
[/N|Pro|Int][Poss.3Pl][Nom]
[/N|Pro|Int][Poss.3Sg][Ine]
[/N|Pro|Int][Subl]
[/N|Pro|Int][Supe]
[/N|Pro|Int][Supe][Punct]
[/N|Pro|Int][Temp]
[/N|Pro|Int][Transl]
[/N|Pro][Nom]
[/N|Pro][Nom][Hyph:Hyph]
[/N|Pro][Nom][Punct]
[/N|Pro][Pl][Abl]
[/N|Pro][Pl][Acc]
[/N|Pro][Pl][Ade]
[/N|Pro][Pl][All]
[/N|Pro][Pl][AnP][Acc]
[/N|Pro][Pl][AnP][Cau]
[/N|Pro][Pl][AnP][Del]
[/N|Pro][Pl][AnP][Nom]
[/N|Pro][Pl][Cau]
[/N|Pro][Pl][Dat]
[/N|Pro][Pl][Del]
[/N|Pro][Pl][Ela]
[/N|Pro][Pl][Ill]
[/N|Pro][Pl][Ine]
[/N|Pro][Pl][Ins]
[/N|Pro][Pl][Nom]
[/N|Pro][Pl][Subl]
[/N|Pro][Pl][Supe]
[/N|Pro][Pl][Ter]
[/N|Pro][Poss.1Pl][All]
[/N|Pro][Poss.1Pl][Nom]
[/N|Pro][Poss.1Pl][Supe]
[/N|Pro][Poss.1Sg][Cau]
[/N|Pro][Poss.1Sg][Ins]
[/N|Pro][Poss.1Sg][Nom]
[/N|Pro][Poss.2Sg][Acc]
[/N|Pro][Poss.2Sg][Dat]
[/N|Pro][Poss.2Sg][Ins]
[/N|Pro][Poss.2Sg][Nom]
[/N|Pro][Poss.3Pl][Acc]
[/N|Pro][Poss.3Pl][Dat]
[/N|Pro][Poss.3Pl][Ins]
[/N|Pro][Poss.3Pl][Nom]
[/N|Pro][Poss.3Sg][Abl]
[/N|Pro][Poss.3Sg][Acc]
[/N|Pro][Poss.3Sg][Ade]
[/N|Pro][Poss.3Sg][All]
[/N|Pro][Poss.3Sg][Dat]
[/N|Pro][Poss.3Sg][Del]
[/N|Pro][Poss.3Sg][Ela]
[/N|Pro][Poss.3Sg][Ill]
[/N|Pro][Poss.3Sg][Ine]
[/N|Pro][Poss.3Sg][Ins]
[/N|Pro][Poss.3Sg][Nom]
[/N|Pro][Poss.3Sg][Subl]
[/N|Pro][Poss.3Sg][Supe]
[/N|Pro|(Post)][Nom]
[/N|Pro|(Post)][Nom][Hyph:Slash]
[/N|Pro|(Post)][Nom][Punct]
[/N|Pro|Rel][Abl]
[/N|Pro|Rel][Acc]
[/N|Pro|Rel][Ade]
[/N|Pro|Rel][All]
[/N|Pro|Rel][AnP][Ine]
[/N|Pro|Rel][AnP][Nom]
[/N|Pro|Rel][Cau]
[/N|Pro|Rel][Dat]
[/N|Pro|Rel][Del]
[/N|Pro|Rel][Ela]
[/N|Pro|Rel][EssFor:ként]
[/N|Pro|Rel][EssFor:képp]
[/N|Pro|Rel][EssFor:képpen]
[/N|Pro|Rel][Ill]
[/N|Pro|Rel][Ine]
[/N|Pro|Rel][Ins]
[/N|Pro|Rel][Nom]
[/N|Pro|Rel][Nom][Hyph:Hyph]
[/N|Pro|Rel][Nom][Punct]
[/N|Pro|Rel][Pl][Abl]
[/N|Pro|Rel][Pl][Acc]
[/N|Pro|Rel][Pl][Ade]
[/N|Pro|Rel][Pl][All]
[/N|Pro|Rel][Pl][Cau]
[/N|Pro|Rel][Pl][Dat]
[/N|Pro|Rel][Pl][Del]
[/N|Pro|Rel][Pl][Ela]
[/N|Pro|Rel][Pl][Ill]
[/N|Pro|Rel][Pl][Ine]
[/N|Pro|Rel][Pl][Ins]
[/N|Pro|Rel][Pl][Nom]
[/N|Pro|Rel][Pl][Subl]
[/N|Pro|Rel][Pl][Supe]
[/N|Pro|Rel][Poss.1Pl][Acc]
[/N|Pro|Rel][Poss.1Pl][Nom]
[/N|Pro|Rel][Poss.1Sg][Cau]
[/N|Pro|Rel][Poss.1Sg][Ins]
[/N|Pro|Rel][Poss.1Sg][Nom]
[/N|Pro|Rel][Poss.2Sg][Nom]
[/N|Pro|Rel][Poss.2Sg][Supe]
[/N|Pro|Rel][Poss.2Sg][Ter]
[/N|Pro|Rel][Poss.3Pl][Abl]
[/N|Pro|Rel][Poss.3Pl][Nom]
[/N|Pro|Rel][Poss.3Sg][Ine]
[/N|Pro|Rel][Poss.3Sg][Nom]
[/N|Pro|Rel][Subl]
[/N|Pro|Rel][Supe]
[/N|Pro|Rel][Supe][Punct]
[/N|Pro|Rel][Temp]
[/N|Pro|Rel][Transl]
[/N|Pro][Subl]
[/N|Pro][Subl][1Pl]
[/N|Pro][Subl][1Sg]
[/N|Pro][Subl][2Pl]
[/N|Pro][Subl][2Sg]
[/N|Pro][Subl][3Pl]
[/N|Pro][Subl][3Sg]
[/N|Pro][Subl][3Sg][Punct]
[/N|Pro][Supe]
[/N|Pro][Supe][1Pl]
[/N|Pro][Supe][1Sg]
[/N|Pro][Supe][2Pl]
[/N|Pro][Supe][2Sg]
[/N|Pro][Supe][3Pl]
[/N|Pro][Supe][3Sg]
[/N|Pro][Temp]
[/N|Pro][Ter]
[/N|Pro][Ter][Subl]
[/N|Pro][Transl]
[/N][Subl]
[/N][Subl][Punct]
[/N][Supe]
[/N][Temp]
[/N][Ter]
[/N][_Tmp_Ante/Adv]
[/N][_Tmp_Loc/Adv]
[/N][_Tmp_Loc/Adv][Abl]
[/N][_Tmp_Loc/Adv][Acc]
[/N][_Tmp_Loc/Adv][Dat]
[/N][_Tmp_Loc/Adv][_Distr:nként/Adv]
[/N][_Tmp_Loc/Adv][Nom]
[/N][_Tmp_Loc/Adv][Pl][Acc]
[/N][_Tmp_Loc/Adv][Pl][Nom]
[/N][_Tmp_Loc/Adv][Pl.Poss.1Sg][Nom]
[/N][_Tmp_Loc/Adv][Pl][Supe]
[/N][_Tmp_Loc/Adv][Poss.1Pl][Nom]
[/N][_Tmp_Loc/Adv][Poss.1Sg][Acc]
[/N][_Tmp_Loc/Adv][Poss.1Sg][Ela]
[/N][_Tmp_Loc/Adv][Poss.1Sg][Nom]
[/N][_Tmp_Loc/Adv][Poss.3Pl][Nom]
[/N][_Tmp_Loc/Adv][Poss.3Sg][Nom]
[/N][_Tmp_Loc/Adv][Poss.3Sg][Supe]
[/N][_Tmp_Loc/Adv][Subl]
[/N][_Tmp_Loc/Adv][Supe]
[/N][_Tmp_Loc/Adv][Ter]
[/N][Transl]
[/Num|Abbr][Nom]
[/Num][Abl]
[/Num][Acc]
[/Num][Ade]
[/Num][_Aggreg/Adv]
[/Num][All]
[/Num][AnP][Acc]
[/Num][AnP][All]
[/Num][AnP][Dat]
[/Num][AnP][Ela]
[/Num][AnP][Ine]
[/Num][AnP][Ins]
[/Num][AnP][Nom]
[/Num][AnP][Supe]
[/Num|Attr][_Mlt-Iter/Adv]
[/Num|Attr][Nom]
[/Num|Attr][Nom][Hyph:Hyph]
[/Num][Cau]
[/Num][_Comp/Adj][Abl]
[/Num][_Comp/Adj][Acc]
[/Num][_Comp/Adj][Cau]
[/Num][_Comp/Adj][Ill]
[/Num][_Comp/Adj][Ine]
[/Num][_Comp/Adj][Ins]
[/Num][_Comp/Adj][_Manner/Adv]
[/Num][_Comp/Adj][Nom]
[/Num][_Comp/Adj][Subl]
[/Num][_Comp/Adj][Supe]
[/Num][_Comp/Num][Acc]
[/Num][_Comp/Num][_Aggreg/Adv]
[/Num][_Comp/Num][AnP][Nom]
[/Num][_Comp/Num][Cau]
[/Num][_Comp/Num][Dat]
[/Num][_Comp/Num][Del]
[/Num][_Comp/Num][Ill]
[/Num][_Comp/Num][Ine]
[/Num][_Comp/Num][Ins]
[/Num][_Comp/Num][_Manner/Adv]
[/Num][_Comp/Num][_Mlt-Iter/Adv]
[/Num][_Comp/Num][Nom]
[/Num][_Comp/Num][Pl][Abl]
[/Num][_Comp/Num][Pl][Acc]
[/Num][_Comp/Num][Pl][Dat]
[/Num][_Comp/Num][Pl][Nom]
[/Num][_Comp/Num][Subl]
[/Num][_Comp/Num][Transl]
[/Num][Dat]
[/Num][Del]
[/Num|Digit][Abl]
[/Num|Digit][Acc]
[/Num|Digit][Ade]
[/Num|Digit][_Aggreg/Adv]
[/Num|Digit][All]
[/Num|Digit][AnP][Abl]
[/Num|Digit][AnP][Acc]
[/Num|Digit][AnP][Dat]
[/Num|Digit][AnP][Del]
[/Num|Digit][AnP][Ine]
[/Num|Digit][AnP][Ins]
[/Num|Digit][AnP][Subl]
[/Num|Digit][AnP][Supe]
[/Num|Digit][AnP][Ter]
[/Num|Digit][Cau]
[/Num|Digit][Dat]
[/Num|Digit][Del]
[/Num|Digit][Ela]
[/Num|Digit][_Frac/Num][Nom]
[/Num|Digit][Ill]
[/Num|Digit][Ine]
[/Num|Digit][Ins]
[/Num|Digit][_Manner/Adv]
[/Num|Digit][_Mlt-Iter/Adv]
[/Num|Digit][Nom]
[/Num|Digit][Nom][Hyph:Hyph]
[/Num|Digit][Nom][Hyph:Slash]
[/Num|Digit][Nom][Punct]
[/Num|Digit][Nom][Punct][Punct][Punct]
[/Num|Digit][Nom][QPtcl]
[/Num|Digit][_Ord/Adj][Abl]
[/Num|Digit][_Ord/Adj][AnP][Acc]
[/Num|Digit][_Ord/Adj][AnP][Subl]
[/Num|Digit][_Ord/Adj][AnP][Supe]
[/Num|Digit][_Ord/Adj][Dat]
[/Num|Digit][_Ord/Adj][Ine]
[/Num|Digit][_Ord/Adj][Nom]
[/Num|Digit][_Ord/Adj][Nom][]
[/Num|Digit][_Ord/Adj][Nom][Punct]
[/Num|Digit][_Ord/Adj][Nom][Punct][Punct]
[/Num|Digit][_Ord/Adj][Nom][Punct][Punct][Punct]
[/Num|Digit][_Ord/Adj][Pl][Nom]
[/Num|Digit][_Ord/Adj][Poss.3Sg][Acc]
[/Num|Digit][_Ord/Adj][Poss.3Sg][Nom]
[/Num|Digit][_Ord/Adj][Poss.3Sg][Subl]
[/Num|Digit][_Ord/Adj][Poss.3Sg][Supe]
[/Num|Digit][_Ord/Adj][Subl]
[/Num|Digit][_Ord/Adj][Ter]
[/Num|Digit][_OrdDate/N][Abl]
[/Num|Digit][_OrdDate/N][Acc]
[/Num|Digit][_OrdDate/N][Dat]
[/Num|Digit][_OrdDate/N][Del]
[/Num|Digit][_OrdDate/N][Ine]
[/Num|Digit][_OrdDate/N][Ins]
[/Num|Digit][_OrdDate/N][Nom]
[/Num|Digit][_OrdDate/N][Poss.1Sg][Nom]
[/Num|Digit][_OrdDate/N][Subl]
[/Num|Digit][_OrdDate/N][Supe]
[/Num|Digit][_OrdDate/N][Ter]
[/Num|Digit][Pl][Acc]
[/Num|Digit][Pl.Poss.3Sg][Nom]
[/Num|Digit][Poss.2Sg][Nom]
[/Num|Digit][Poss.3Sg][Abl]
[/Num|Digit][Poss.3Sg][Acc]
[/Num|Digit][Poss.3Sg][Ine]
[/Num|Digit][Poss.3Sg][Ins]
[/Num|Digit][Poss.3Sg][Nom]
[/Num|Digit][Poss.3Sg][Subl]
[/Num|Digit][Poss.3Sg][Supe]
[/Num|Digit][Poss.3Sg][Ter]
[/Num|Digit][Subl]
[/Num|Digit][Supe]
[/Num|Digit][Temp]
[/Num|Digit][Ter]
[/Num][_Distr:nként/Adv]
[/Num][Ela]
[/Num][EssFor:ként]
[/Num][Fam.Pl][Nom]
[/Num][_Frac/Num][Abl]
[/Num][_Frac/Num][Acc]
[/Num][_Frac/Num][All]
[/Num][_Frac/Num][AnP][Acc]
[/Num][_Frac/Num][AnP][Ade]
[/Num][_Frac/Num][AnP][All]
[/Num][_Frac/Num][AnP][Cau]
[/Num][_Frac/Num][AnP][Dat]
[/Num][_Frac/Num][AnP][Ill]
[/Num][_Frac/Num][AnP][Ine]
[/Num][_Frac/Num][AnP][Ins]
[/Num][_Frac/Num][AnP][Subl]
[/Num][_Frac/Num][Dat]
[/Num][_Frac/Num][Del]
[/Num][_Frac/Num][_Distr:nként/Adv]
[/Num][_Frac/Num][Ela]
[/Num][_Frac/Num][Ill]
[/Num][_Frac/Num][Ine]
[/Num][_Frac/Num][Ins]
[/Num][_Frac/Num][_Mlt-Iter/Adv]
[/Num][_Frac/Num][_Mlt-Iter/Adv][Subl]
[/Num][_Frac/Num][Nom]
[/Num][_Frac/Num][Pl][Ine]
[/Num][_Frac/Num][Pl][Nom]
[/Num][_Frac/Num][Pl.Poss.3Sg][Del]
[/Num][_Frac/Num][Pl.Poss.3Sg][Ine]
[/Num][_Frac/Num][Pl][Supe]
[/Num][_Frac/Num][Poss.1Pl][Ine]
[/Num][_Frac/Num][Poss.1Pl][Nom]
[/Num][_Frac/Num][Poss.3Pl][Ade]
[/Num][_Frac/Num][Poss.3Pl][Ine]
[/Num][_Frac/Num][Poss.3Pl][Nom]
[/Num][_Frac/Num][Poss.3Sg][Acc]
[/Num][_Frac/Num][Poss.3Sg][Ade]
[/Num][_Frac/Num][Poss.3Sg][All]
[/Num][_Frac/Num][Poss.3Sg][Cau]
[/Num][_Frac/Num][Poss.3Sg][Dat]
[/Num][_Frac/Num][Poss.3Sg][Ill]
[/Num][_Frac/Num][Poss.3Sg][Ine]
[/Num][_Frac/Num][Poss.3Sg][Ins]
[/Num][_Frac/Num][Poss.3Sg][Nom]
[/Num][_Frac/Num][Poss.3Sg][Subl]
[/Num][_Frac/Num][Subl]
[/Num][_Frac/Num][Supe]
[/Num][_Frac/Num][Ter]
[/Num][Ill]
[/Num][Ine]
[/Num][Ins]
[/Num][_Manner/Adv]
[/Num][_Mlt-Iter/Adv]
[/Num][_Mlt-Iter/Adv][Subl]
[/Num][Nom]
[/Num][Nom][Hyph:Hyph]
[/Num][Nom][Punct]
[/Num][_Ord/Adj][Abl]
[/Num][_Ord/Adj][Acc]
[/Num][_Ord/Adj][Ade]
[/Num][_Ord/Adj][All]
[/Num][_Ord/Adj][AnP][Abl]
[/Num][_Ord/Adj][AnP][Acc]
[/Num][_Ord/Adj][AnP][Supe]
[/Num][_Ord/Adj][AnP][Ter]
[/Num][_Ord/Adj][Dat]
[/Num][_Ord/Adj][Del]
[/Num][_Ord/Adj][EssFor:ként]
[/Num][_Ord/Adj][Ill]
[/Num][_Ord/Adj][Ine]
[/Num][_Ord/Adj][Ins]
[/Num][_Ord/Adj][_Mlt-Iter/Adv]
[/Num][_Ord/Adj][_Mlt-Iter/Adv][Subl]
[/Num][_Ord/Adj][Nom]
[/Num][_Ord/Adj][Pl][Nom]
[/Num][_Ord/Adj][Subl]
[/Num][_Ord/Adj][Supe]
[/Num][_Ord/Adj][Ter]
[/Num][_OrdDate/N][Abl]
[/Num][_OrdDate/N][Acc]
[/Num][_OrdDate/N][Ins]
[/Num][_OrdDate/N][Nom]
[/Num][_OrdDate/N][Pl][Nom]
[/Num][_OrdDate/N][Poss.1Sg][Nom]
[/Num][_OrdDate/N][Subl]
[/Num][_OrdDate/N][Supe]
[/Num][_OrdDate/N][Ter]
[/Num][Pl][Acc]
[/Num][Pl][Dat]
[/Num][Pl][Ela]
[/Num][Pl][Ine]
[/Num][Pl][Ins]
[/Num][Pl][Nom]
[/Num][Pl.Poss.1Sg][Nom]
[/Num][Pl.Poss.3Sg][Acc]
[/Num][Pl.Poss.3Sg][Dat]
[/Num][Pl.Poss.3Sg][Ins]
[/Num][Pl.Poss.3Sg][Nom]
[/Num][Pl.Poss.3Sg][Subl]
[/Num][Pl.Poss.3Sg][Supe]
[/Num][Pl][Subl]
[/Num][Pl][Supe]
[/Num][Pl][Ter]
[/Num][Poss.1Pl][Acc]
[/Num][Poss.1Pl][Dat]
[/Num][Poss.1Pl][Ine]
[/Num][Poss.1Pl][Nom]
[/Num][Poss.1Pl][Subl]
[/Num][Poss.1Sg][Acc]
[/Num][Poss.1Sg][Nom]
[/Num][Poss.2Pl][Nom]
[/Num][Poss.2Sg][Abl]
[/Num][Poss.2Sg][Acc]
[/Num][Poss.2Sg][AnP][Acc]
[/Num][Poss.2Sg][AnP][Ade]
[/Num][Poss.2Sg][AnP][Ins]
[/Num][Poss.2Sg][Dat]
[/Num][Poss.2Sg][Ela]
[/Num][Poss.2Sg][Ill]
[/Num][Poss.2Sg][Ine]
[/Num][Poss.2Sg][Ins]
[/Num][Poss.2Sg][Nom]
[/Num][Poss.2Sg][Subl]
[/Num][Poss.2Sg][Supe]
[/Num][Poss.2Sg][Ter]
[/Num][Poss.3Pl][Acc]
[/Num][Poss.3Pl][Dat]
[/Num][Poss.3Pl][Ins]
[/Num][Poss.3Pl][Nom]
[/Num][Poss.3Pl][Subl]
[/Num][Poss.3Pl][Supe]
[/Num][Poss.3Sg][Abl]
[/Num][Poss.3Sg][Acc]
[/Num][Poss.3Sg][Ade]
[/Num][Poss.3Sg][All]
[/Num][Poss.3Sg][Dat]
[/Num][Poss.3Sg][Ela]
[/Num][Poss.3Sg][Ill]
[/Num][Poss.3Sg][Ine]
[/Num][Poss.3Sg][Ins]
[/Num][Poss.3Sg][Nom]
[/Num][Poss.3Sg][Subl]
[/Num][Poss.3Sg][Supe]
[/Num][Poss.3Sg][Ter]
[/Num|Pro][Abl]
[/Num|Pro][Acc]
[/Num|Pro][Ade]
[/Num|Pro][_Aggreg/Adv]
[/Num|Pro][Cau]
[/Num|Pro][Dat]
[/Num|Pro][Ela]
[/Num|Pro][Ill]
[/Num|Pro][Ine]
[/Num|Pro][Ins]
[/Num|Pro|Int][Acc]
[/Num|Pro|Int][_Aggreg/Adv]
[/Num|Pro|Int][Cau]
[/Num|Pro|Int][Dat]
[/Num|Pro|Int][Ela]
[/Num|Pro|Int][_Frac/Num][Acc]
[/Num|Pro|Int][_Frac/Num][All]
[/Num|Pro|Int][_Frac/Num][Ine]
[/Num|Pro|Int][_Frac/Num][Ins]
[/Num|Pro|Int][_Frac/Num][Nom]
[/Num|Pro|Int][_Frac/Num][Poss.3Pl][Acc]
[/Num|Pro|Int][_Frac/Num][Poss.3Sg][Acc]
[/Num|Pro|Int][_Frac/Num][Poss.3Sg][Dat]
[/Num|Pro|Int][_Frac/Num][Poss.3Sg][Ine]
[/Num|Pro|Int][_Frac/Num][Poss.3Sg][Nom]
[/Num|Pro|Int][_Frac/Num][Poss.3Sg][Subl]
[/Num|Pro|Int][_Frac/Num][Supe]
[/Num|Pro|Int][Ill]
[/Num|Pro|Int][Ine]
[/Num|Pro|Int][Ins]
[/Num|Pro|Int][_Manner/Adv]
[/Num|Pro|Int][_Mlt-Iter/Adv]
[/Num|Pro|Int][Nom]
[/Num|Pro|Int][_Ord/Adj][Ade]
[/Num|Pro|Int][_Ord/Adj][Dat]
[/Num|Pro|Int][_Ord/Adj][EssFor:ként]
[/Num|Pro|Int][_Ord/Adj][Nom]
[/Num|Pro|Int][_Ord/Adj][Pl][Nom]
[/Num|Pro|Int][_OrdDate/N][Nom]
[/Num|Pro|Int][Poss.2Sg][All]
[/Num|Pro|Int][Poss.2Sg][Ine]
[/Num|Pro|Int][Poss.2Sg][Ins]
[/Num|Pro|Int][Poss.2Sg][Nom]
[/Num|Pro|Int][Poss.2Sg][Supe]
[/Num|Pro|Int][Subl]
[/Num|Pro|Int][Temp]
[/Num|Pro][_Mlt-Iter/Adv]
[/Num|Pro][Nom]
[/Num|Pro|Rel][Acc]
[/Num|Pro|Rel][_Aggreg/Adv]
[/Num|Pro|Rel][Cau]
[/Num|Pro|Rel][Dat]
[/Num|Pro|Rel][Ela]
[/Num|Pro|Rel][_Frac/Num][Acc]
[/Num|Pro|Rel][_Frac/Num][All]
[/Num|Pro|Rel][_Frac/Num][Ine]
[/Num|Pro|Rel][_Frac/Num][Ins]
[/Num|Pro|Rel][_Frac/Num][Nom]
[/Num|Pro|Rel][_Frac/Num][Poss.3Pl][Acc]
[/Num|Pro|Rel][_Frac/Num][Poss.3Sg][Acc]
[/Num|Pro|Rel][_Frac/Num][Poss.3Sg][Dat]
[/Num|Pro|Rel][_Frac/Num][Poss.3Sg][Ine]
[/Num|Pro|Rel][_Frac/Num][Poss.3Sg][Nom]
[/Num|Pro|Rel][_Frac/Num][Poss.3Sg][Subl]
[/Num|Pro|Rel][_Frac/Num][Supe]
[/Num|Pro|Rel][Ill]
[/Num|Pro|Rel][Ine]
[/Num|Pro|Rel][Ins]
[/Num|Pro|Rel][_Manner/Adv]
[/Num|Pro|Rel][_Mlt-Iter/Adv]
[/Num|Pro|Rel][Nom]
[/Num|Pro|Rel][_Ord/Adj][Ade]
[/Num|Pro|Rel][_Ord/Adj][Dat]
[/Num|Pro|Rel][_Ord/Adj][EssFor:ként]
[/Num|Pro|Rel][_Ord/Adj][Nom]
[/Num|Pro|Rel][_Ord/Adj][Pl][Nom]
[/Num|Pro|Rel][_OrdDate/N][Nom]
[/Num|Pro|Rel][Poss.2Sg][All]
[/Num|Pro|Rel][Poss.2Sg][Ine]
[/Num|Pro|Rel][Poss.2Sg][Ins]
[/Num|Pro|Rel][Poss.2Sg][Nom]
[/Num|Pro|Rel][Poss.2Sg][Supe]
[/Num|Pro|Rel][Subl]
[/Num|Pro|Rel][Temp]
[/Num|Pro][Subl]
[/Num|Roman][Acc]
[/Num|Roman][All]
[/Num|Roman][Ela]
[/Num|Roman][Ine]
[/Num|Roman][Ins]
[/Num|Roman][Nom]
[/Num|Roman][Nom][Hyph:Hyph]
[/Num|Roman][Nom][Hyph:Slash]
[/Num|Roman][Nom][Punct]
[/Num|Roman][_Ord/Adj][All]
[/Num|Roman][_Ord/Adj][Nom][]
[/Num|Roman][_Ord/Adj][Nom][Punct]
[/Num|Roman][Pl][Subl]
[/Num|Roman][Subl]
[/Num|Roman][Supe]
[/Num|Roman][Ter]
[/Num][Subl]
[/Num][Supe]
[/Num][Temp]
[/Num][Ter]
[/Num][Transl]
[_PerfPtcp_Subj=tA/Adj][Abl]
[_PerfPtcp_Subj=tA/Adj][Acc]
[_PerfPtcp_Subj=tA/Adj][Acc][Punct]
[_PerfPtcp_Subj=tA/Adj][Ade]
[_PerfPtcp_Subj=tA/Adj][All]
[_PerfPtcp_Subj=tA/Adj][_Comp/Adj][Nom]
[_PerfPtcp_Subj=tA/Adj][Dat]
[_PerfPtcp_Subj=tA/Adj][Del]
[_PerfPtcp_Subj=tA/Adj][_Distr:nként/Adv]
[_PerfPtcp_Subj=tA/Adj][Ela]
[_PerfPtcp_Subj=tA/Adj][Ill]
[_PerfPtcp_Subj=tA/Adj][Ine]
[_PerfPtcp_Subj=tA/Adj][Ins]
[_PerfPtcp_Subj=tA/Adj][_Manner/Adv]
[_PerfPtcp_Subj=tA/Adj][Nom]
[_PerfPtcp_Subj=tA/Adj][Pl][Abl]
[_PerfPtcp_Subj=tA/Adj][Pl][Acc]
[_PerfPtcp_Subj=tA/Adj][Pl][Ade]
[_PerfPtcp_Subj=tA/Adj][Pl][All]
[_PerfPtcp_Subj=tA/Adj][Pl][AnP][Abl]
[_PerfPtcp_Subj=tA/Adj][Pl][AnP][Acc]
[_PerfPtcp_Subj=tA/Adj][Pl][AnP][Ade]
[_PerfPtcp_Subj=tA/Adj][Pl][AnP][All]
[_PerfPtcp_Subj=tA/Adj][Pl][AnP][Dat]
[_PerfPtcp_Subj=tA/Adj][Pl][AnP][Del]
[_PerfPtcp_Subj=tA/Adj][Pl][AnP][Ela]
[_PerfPtcp_Subj=tA/Adj][Pl][AnP][Ine]
[_PerfPtcp_Subj=tA/Adj][Pl][AnP][Ins]
[_PerfPtcp_Subj=tA/Adj][Pl][AnP][Subl]
[_PerfPtcp_Subj=tA/Adj][Pl][AnP][Supe]
[_PerfPtcp_Subj=tA/Adj][Pl][AnP][Ter]
[_PerfPtcp_Subj=tA/Adj][Pl][Dat]
[_PerfPtcp_Subj=tA/Adj][Pl][Del]
[_PerfPtcp_Subj=tA/Adj][Pl][Ela]
[_PerfPtcp_Subj=tA/Adj][Pl][EssFor:ként]
[_PerfPtcp_Subj=tA/Adj][Pl][Ine]
[_PerfPtcp_Subj=tA/Adj][Pl][Ins]
[_PerfPtcp_Subj=tA/Adj][Pl][Nom]
[_PerfPtcp_Subj=tA/Adj][Pl.Poss.3Sg][Nom]
[_PerfPtcp_Subj=tA/Adj][Pl][Subl]
[_PerfPtcp_Subj=tA/Adj][Pl][Supe]
[_PerfPtcp_Subj=tA/Adj][Pl][Ter]
[_PerfPtcp_Subj=tA/Adj][Pl][Transl]
[_PerfPtcp_Subj=tA/Adj][Poss.1Sg][Nom]
[_PerfPtcp_Subj=tA/Adj][Poss.2Pl][Nom]
[_PerfPtcp_Subj=tA/Adj][Poss.3Pl][Nom]
[_PerfPtcp_Subj=tA/Adj][Poss.3Sg][Acc]
[_PerfPtcp_Subj=tA/Adj][Poss.3Sg][Del]
[_PerfPtcp_Subj=tA/Adj][Poss.3Sg][Nom]
[_PerfPtcp_Subj=tA/Adj][Poss.3Sg][Supe]
[_PerfPtcp_Subj=tA/Adj][Subl]
[_PerfPtcp_Subj=tA/Adj][Supe]
[_PerfPtcp_Subj=tA/Adj][Ter]
[/Post]
[/Post][1Pl]
[/Post][1Sg]
[/Post][2Pl]
[/Post][2Sg]
[/Post][3Pl]
[/Post][3Sg]
[/Post][3Sg][Punct]
[/Post|(Abl)]
[/Post][Abl]
[/Post|(Abl)][_Comp/Post|(Abl)]
[/Post|(Abl)][_Comp/Post|(Abl)][Del]
[/Post|(Abl)][_Comp/Post|(Abl)][Subl]
[/Post|(Abl)][Del]
[/Post|(All)]
[/Post|(All)][_Comp/Post|(All)]
[/Post|(All)][_Comp/Post|(All)][Del]
[/Post|(All)][Del]
[/Post|(All)][Subl]
[/Post][Del]
[/Post|(Ela)]
[/Post|(Ins)]
[/Post|(N0)]
[/Post|(N0)][Prs.NDef.1Sg]
[/Post|(N0)][Prs.NDef.3Sg]
[/Post|(Poss)]
[/Post|(Poss)][Poss.1Pl]
[/Post|(Poss)][Poss.1Sg]
[/Post|(Poss)][Poss.2Pl]
[/Post|(Poss)][Poss.2Sg]
[/Post|(Poss)][Poss.3Pl]
[/Post|(Poss)][Poss.3Sg]
[/Post|(Poss)][Prs.NDef.1Pl]
[/Post|(Poss)][Prs.NDef.1Sg]
[/Post|(Poss)][Prs.NDef.2Sg]
[/Post|(Poss)][Prs.NDef.3Pl]
[/Post|(Poss)][Prs.NDef.3Sg]
[/Post][Punct]
[/Post|(Subl)]
[/Post][Subl]
[/Post|(Supe)]
[/Post|(Supe)][Del]
[/Post|(Supe)][Punct]
[/Post|(Supe)][Subl]
[/Post|(Ter)]
[/Post][Ter]
[/Prep]
[/Prev]
[/Prev][Punct]
[/QPtcl]
[/S|Abbr][]
[/S|Abbr][Punct]
[/Supl][/Adj][_Comp/Adj][Acc]
[/Supl][/Adj][_Comp/Adj][AnP][Nom]
[/Supl][/Adj][_Comp/Adj][Dat]
[/Supl][/Adj][_Comp/Adj][Del]
[/Supl][/Adj][_Comp/Adj][_Design/Adj][Nom]
[/Supl][/Adj][_Comp/Adj][_Design/Adj][Poss.3Sg][Nom]
[/Supl][/Adj][_Comp/Adj][Ill]
[/Supl][/Adj][_Comp/Adj][Ine]
[/Supl][/Adj][_Comp/Adj][Ins]
[/Supl][/Adj][_Comp/Adj][_Manner/Adv]
[/Supl][/Adj][_Comp/Adj][Nom]
[/Supl][/Adj][_Comp/Adj][Pl][Acc]
[/Supl][/Adj][_Comp/Adj][Pl][Del]
[/Supl][/Adj][_Comp/Adj][Pl][Ela]
[/Supl][/Adj][_Comp/Adj][Pl][Nom]
[/Supl][/Adj][_Comp/Adj][Pl.Poss.3Sg][Acc]
[/Supl][/Adj][_Comp/Adj][Pl.Poss.3Sg][Nom]
[/Supl][/Adj][_Comp/Adj][Pl][Transl]
[/Supl][/Adj][_Comp/Adj][Poss.3Sg][Acc]
[/Supl][/Adj][_Comp/Adj][Poss.3Sg][Dat]
[/Supl][/Adj][_Comp/Adj][Poss.3Sg][Nom]
[/Supl][/Adj][_Comp/Adj][Subl]
[/Supl][/Adj][_Comp/Adj][Supe]
[/Supl][/Adj][_Comp/Adj][Temp]
[/Supl][/Adj][_Comp/Adj][Transl]
[/Supl][/Adj][Nom]
[/Supl][/Adj][Poss.3Sg][Acc]
[/Supl][/Adv]
[/Supl][/Adv][_Comp/Adv]
[/Supl][/Adv][_Comp/Adv][Subl]
[/Supl][/Adv][Subl]
[/Supl][/N][Poss.3Sg][Acc]
[/Supl][/N][Poss.3Sg][Nom]
[/Supl][/N][Poss.3Sg][Subl]
[/Supl][/N][Poss.3Sg][Supe]
[/Supl][/Num][_Comp/Adj][Acc]
[/Supl][/Num][_Comp/Adj][Ine]
[/Supl][/Num][_Comp/Adj][_Manner/Adv]
[/Supl][/Num][_Comp/Adj][Nom]
[/Supl][/Num][_Comp/Adj][Supe]
[/Supl][/Num][_Comp/Num][Acc]
[/Supl][/Num][_Comp/Num][_Aggreg/Adv]
[/Supl][/Num][_Comp/Num][Ine]
[/Supl][/Num][_Comp/Num][_Manner/Adv]
[/Supl][/Num][_Comp/Num][_Mlt-Iter/Adv]
[/Supl][/Num][_Comp/Num][Nom]
[/Supl][/Num][_Comp/Num][Poss.1Pl][Dat]
[/Supl][/Num][_Comp/Num][Poss.3Pl][Acc]
[/Supl][/Num][_Comp/Num][Poss.3Pl][Nom]
[/Supl][/Num][_Comp/Num][Poss.3Sg][Acc]
[/Supl][/Num][_Comp/Num][Poss.3Sg][Ade]
[/Supl][/Num][_Comp/Num][Poss.3Sg][Dat]
[/Supl][/Num][_Comp/Num][Poss.3Sg][Ine]
[/Supl][/Num][_Comp/Num][Poss.3Sg][Nom]
[/Supl][/Num][_Comp/Num][Poss.3Sg][Supe]
[/Supl][/Num][_Ord/Adj][EssFor:ként]
[/Supl][/Num][_Ord/Adj][Nom]
[/Supl][/Post|(Abl)][_Comp/Post|(Abl)]
[/Supl][/Post|(All)][_Comp/Post|(All)]
[/Supl][/Post|(All)][_Comp/Post|(All)][Subl]
[/Supl][/V][Prs.NDef.3Sg]
<unknown>
[/V]
[/V][_AdvPerfPtcp/Adv]
[/V][_AdvPtcp/Adv]
[/V][_Caus/V][_AdvPerfPtcp/Adv]
[/V][_Caus/V][_AdvPtcp/Adv]
[/V][_Caus/V][_Caus/V][Inf]
[/V][_Caus/V][_Caus/V][Prs.Def.3Pl]
[/V][_Caus/V][_Caus/V][Prs.NDef.3Sg]
[/V][_Caus/V][_Caus/V][Pst.Def.1Sg]
[/V][_Caus/V][_Caus/V][Pst.NDef.1Sg]
[/V][_Caus/V][_Caus/V][Sbjv.NDef.3Pl]
[/V][_Caus/V][Cond.Def.1Sg]
[/V][_Caus/V][Cond.Def.3Pl]
[/V][_Caus/V][Cond.Def.3Sg]
[/V][_Caus/V][Cond.NDef.1Sg]
[/V][_Caus/V][Cond.NDef.2Sg]
[/V][_Caus/V][Cond.NDef.3Pl]
[/V][_Caus/V][Cond.NDef.3Sg]
[/V][_Caus/V][_Freq/V][Inf]
[/V][_Caus/V][_Freq/V][Pst.Def.1Pl]
[/V][_Caus/V][_Freq/V][Pst.Def.1Sg]
[/V][_Caus/V][_Freq/V][Pst.Def.3Pl]
[/V][_Caus/V][_Freq/V][Pst.Def.3Sg]
[/V][_Caus/V][_Freq/V][Pst.NDef.1Sg]
[/V][_Caus/V][Inf]
[/V][_Caus/V][Inf.1Pl]
[/V][_Caus/V][Inf.1Sg]
[/V][_Caus/V][Inf.2Sg]
[/V][_Caus/V][Inf.3Pl]
[/V][_Caus/V][Inf.3Sg]
[/V][_Caus/V][_Mod/V][Cond.Def.3Pl]
[/V][_Caus/V][_Mod/V][Cond.Def.3Sg]
[/V][_Caus/V][_Mod/V][Cond.NDef.1Sg]
[/V][_Caus/V][_Mod/V][Cond.NDef.3Sg]
[/V][_Caus/V][_Mod/V][Prs.Def.1Pl]
[/V][_Caus/V][_Mod/V][Prs.Def.2Sg]
[/V][_Caus/V][_Mod/V][Prs.Def.3Pl]
[/V][_Caus/V][_Mod/V][Prs.Def.3Sg]
[/V][_Caus/V][_Mod/V][Prs.NDef.1Pl]
[/V][_Caus/V][_Mod/V][Prs.NDef.1Sg]
[/V][_Caus/V][_Mod/V][Prs.NDef.2Pl]
[/V][_Caus/V][_Mod/V][Prs.NDef.3Pl]
[/V][_Caus/V][_Mod/V][Prs.NDef.3Sg]
[/V][_Caus/V][_Mod/V][Pst.Def.1Pl]
[/V][_Caus/V][_Mod/V][Pst.Def.3Pl]
[/V][_Caus/V][_Mod/V][Pst.Def.3Sg]
[/V][_Caus/V][_Mod/V][Pst.NDef.3Pl]
[/V][_Caus/V][_Mod/V][Pst.NDef.3Sg]
[/V][_Caus/V][_Mod/V][Sbjv.Def.3Pl]
[/V][_Caus/V][_Mod/V][Sbjv.Def.3Sg]
[/V][_Caus/V][_Mod/V][Sbjv.NDef.3Pl]
[/V][_Caus/V][_Mod/V][Sbjv.NDef.3Sg]
[/V][_Caus/V][Prs.1Sg›2]
[/V][_Caus/V][Prs.Def.1Pl]
[/V][_Caus/V][Prs.Def.1Sg]
[/V][_Caus/V][Prs.Def.2Sg]
[/V][_Caus/V][Prs.Def.3Pl]
[/V][_Caus/V][Prs.Def.3Sg]
[/V][_Caus/V][Prs.NDef.1Pl]
[/V][_Caus/V][Prs.NDef.1Sg]
[/V][_Caus/V][Prs.NDef.2Pl]
[/V][_Caus/V][Prs.NDef.3Pl]
[/V][_Caus/V][Prs.NDef.3Sg]
[/V][_Caus/V][Pst.1Sg›2]
[/V][_Caus/V][Pst.Def.1Pl]
[/V][_Caus/V][Pst.Def.1Sg]
[/V][_Caus/V][Pst.Def.2Sg]
[/V][_Caus/V][Pst.Def.3Pl]
[/V][_Caus/V][Pst.Def.3Sg]
[/V][_Caus/V][Pst.NDef.1Pl]
[/V][_Caus/V][Pst.NDef.1Sg]
[/V][_Caus/V][Pst.NDef.2Sg]
[/V][_Caus/V][Pst.NDef.3Pl]
[/V][_Caus/V][Pst.NDef.3Sg]
[/V][_Caus/V][Sbjv.1Sg›2]
[/V][_Caus/V][Sbjv.Def.1Pl]
[/V][_Caus/V][Sbjv.Def.1Sg]
[/V][_Caus/V][Sbjv.Def.2Pl]
[/V][_Caus/V][Sbjv.Def.2Sg]
[/V][_Caus/V][Sbjv.Def.3Pl]
[/V][_Caus/V][Sbjv.Def.3Sg]
[/V][_Caus/V][Sbjv.NDef.1Pl]
[/V][_Caus/V][Sbjv.NDef.2Sg]
[/V][_Caus/V][Sbjv.NDef.3Pl]
[/V][_Caus/V][Sbjv.NDef.3Sg]
[/V][Cond.1Sg›2]
[/V][Cond.Def.1Pl]
[/V][Cond.Def.1Pl*]
[/V][Cond.Def.1Sg]
[/V][Cond.Def.2Pl]
[/V][Cond.Def.2Sg]
[/V][Cond.Def.3Pl]
[/V][Cond.Def.3Sg]
[/V][Cond.NDef.1Pl]
[/V][Cond.NDef.1Pl*]
[/V][Cond.NDef.1Sg]
[/V][Cond.NDef.2Pl]
[/V][Cond.NDef.2Sg]
[/V][Cond.NDef.3Pl]
[/V][Cond.NDef.3Sg]
[/V][Cond.NDef.3Sg][Punct]
[/V][_Freq/V][_AdvPerfPtcp/Adv]
[/V][_Freq/V][_AdvPtcp/Adv]
[/V][_Freq/V][Cond.Def.1Pl]
[/V][_Freq/V][Cond.Def.1Sg]
[/V][_Freq/V][Cond.Def.3Pl]
[/V][_Freq/V][Cond.NDef.1Pl]
[/V][_Freq/V][Cond.NDef.1Sg]
[/V][_Freq/V][Cond.NDef.3Pl]
[/V][_Freq/V][Cond.NDef.3Sg]
[/V][_Freq/V][Inf]
[/V][_Freq/V][Inf.3Pl]
[/V][_Freq/V][Inf.3Sg]
[/V][_Freq/V][_Mod/V][Cond.Def.1Pl]
[/V][_Freq/V][_Mod/V][Cond.Def.1Sg]
[/V][_Freq/V][_Mod/V][Cond.NDef.1Pl]
[/V][_Freq/V][_Mod/V][Prs.Def.1Sg]
[/V][_Freq/V][_Mod/V][Prs.Def.3Pl]
[/V][_Freq/V][_Mod/V][Prs.Def.3Sg]
[/V][_Freq/V][_Mod/V][Prs.NDef.1Pl]
[/V][_Freq/V][_Mod/V][Prs.NDef.1Sg]
[/V][_Freq/V][_Mod/V][Prs.NDef.2Sg]
[/V][_Freq/V][_Mod/V][Prs.NDef.3Pl]
[/V][_Freq/V][_Mod/V][Prs.NDef.3Sg]
[/V][_Freq/V][_Mod/V][Pst.Def.1Sg]
[/V][_Freq/V][_Mod/V][Pst.Def.3Pl]
[/V][_Freq/V][_Mod/V][Pst.NDef.1Pl]
[/V][_Freq/V][_Mod/V][Pst.NDef.1Sg]
[/V][_Freq/V][_Mod/V][Pst.NDef.3Sg]
[/V][_Freq/V][Prs.Def.1Pl]
[/V][_Freq/V][Prs.Def.1Sg]
[/V][_Freq/V][Prs.Def.3Pl]
[/V][_Freq/V][Prs.Def.3Sg]
[/V][_Freq/V][Prs.NDef.1Pl]
[/V][_Freq/V][Prs.NDef.1Sg]
[/V][_Freq/V][Prs.NDef.2Pl]
[/V][_Freq/V][Prs.NDef.3Pl]
[/V][_Freq/V][Prs.NDef.3Sg]
[/V][_Freq/V][Pst.Def.1Pl]
[/V][_Freq/V][Pst.Def.1Sg]
[/V][_Freq/V][Pst.Def.3Pl]
[/V][_Freq/V][Pst.Def.3Sg]
[/V][_Freq/V][Pst.NDef.1Pl]
[/V][_Freq/V][Pst.NDef.1Sg]
[/V][_Freq/V][Pst.NDef.3Pl]
[/V][_Freq/V][Pst.NDef.3Sg]
[/V][_Freq/V][Sbjv.Def.1Pl]
[/V][_Freq/V][Sbjv.Def.1Sg]
[/V][_Freq/V][Sbjv.Def.2Sg]
[/V][_Freq/V][Sbjv.Def.3Pl]
[/V][_Freq/V][Sbjv.Def.3Sg]
[/V][_Freq/V][Sbjv.NDef.1Pl]
[/V][_Freq/V][Sbjv.NDef.1Sg]
[/V][_Freq/V][Sbjv.NDef.2Pl]
[/V][_Freq/V][Sbjv.NDef.2Sg]
[/V][_Freq/V][Sbjv.NDef.3Pl]
[/V][_Freq/V][Sbjv.NDef.3Sg]
[/V][Inf]
[/V][Inf.1Pl]
[/V][Inf.1Sg]
[/V][Inf.2Pl]
[/V][Inf.2Sg]
[/V][Inf.3Pl]
[/V][Inf.3Pl*]
[/V][Inf.3Sg]
[/V][Inf][Punct]
[/V][_Mod/V][_AdvPtcp/Adv]
[/V][_Mod/V][Cond.1Sg›2]
[/V][_Mod/V][Cond.Def.1Pl]
[/V][_Mod/V][Cond.Def.1Sg]
[/V][_Mod/V][Cond.Def.2Sg]
[/V][_Mod/V][Cond.Def.3Pl]
[/V][_Mod/V][Cond.Def.3Sg]
[/V][_Mod/V][Cond.NDef.1Pl]
[/V][_Mod/V][Cond.NDef.1Sg]
[/V][_Mod/V][Cond.NDef.2Sg]
[/V][_Mod/V][Cond.NDef.3Pl]
[/V][_Mod/V][Cond.NDef.3Sg]
[/V][_Mod/V][Inf]
[/V][_Mod/V][Prs.1Sg›2]
[/V][_Mod/V][Prs.Def.1Pl]
[/V][_Mod/V][Prs.Def.1Sg]
[/V][_Mod/V][Prs.Def.2Pl]
[/V][_Mod/V][Prs.Def.2Sg]
[/V][_Mod/V][Prs.Def.3Pl]
[/V][_Mod/V][Prs.Def.3Sg]
[/V][_Mod/V][Prs.NDef.1Pl]
[/V][_Mod/V][Prs.NDef.1Sg]
[/V][_Mod/V][Prs.NDef.2Pl]
[/V][_Mod/V][Prs.NDef.2Sg]
[/V][_Mod/V][Prs.NDef.3Pl]
[/V][_Mod/V][Prs.NDef.3Sg]
[/V][_Mod/V][Prs.NDef.3Sg][Punct]
[/V][_Mod/V][Pst.Def.1Pl]
[/V][_Mod/V][Pst.Def.1Sg]
[/V][_Mod/V][Pst.Def.2Pl]
[/V][_Mod/V][Pst.Def.2Sg]
[/V][_Mod/V][Pst.Def.3Pl]
[/V][_Mod/V][Pst.Def.3Sg]
[/V][_Mod/V][Pst.NDef.1Pl]
[/V][_Mod/V][Pst.NDef.1Sg]
[/V][_Mod/V][Pst.NDef.2Sg]
[/V][_Mod/V][Pst.NDef.3Pl]
[/V][_Mod/V][Pst.NDef.3Sg]
[/V][_Mod/V][Sbjv.Def.1Pl]
[/V][_Mod/V][Sbjv.Def.1Sg]
[/V][_Mod/V][Sbjv.Def.2Sg]
[/V][_Mod/V][Sbjv.Def.3Pl]
[/V][_Mod/V][Sbjv.Def.3Sg]
[/V][_Mod/V][Sbjv.NDef.1Pl]
[/V][_Mod/V][Sbjv.NDef.1Sg]
[/V][_Mod/V][Sbjv.NDef.2Pl]
[/V][_Mod/V][Sbjv.NDef.2Sg]
[/V][_Mod/V][Sbjv.NDef.3Pl]
[/V][_Mod/V][Sbjv.NDef.3Sg]
[/V][Prs.1Sg›2]
[/V][Prs.Def.1Pl]
[/V][Prs.Def.1Sg]
[/V][Prs.Def.1Sg][Punct]
[/V][Prs.Def.2Pl]
[/V][Prs.Def.2Sg]
[/V][Prs.Def.2Sg][Punct]
[/V][Prs.Def.3Pl]
[/V][Prs.Def.3Sg]
[/V][Prs.NDef.1Pl]
[/V][Prs.NDef.1Sg]
[/V][Prs.NDef.1Sg][Punct]
[/V][Prs.NDef.2Pl]
[/V][Prs.NDef.2Sg]
[/V][Prs.NDef.2Sg][Punct]
[/V][Prs.NDef.2Sg][QPtcl]
[/V][Prs.NDef.3Pl]
[/V][Prs.NDef.3Pl][Punct]
[/V][Prs.NDef.3Sg]
[/V][Prs.NDef.3Sg][Hyph:Slash]
[/V][Prs.NDef.3Sg][Punct]
[/V][Prs.NDef.3Sg][QPtcl]
[/V][Pst.1Sg›2]
[/V][Pst.Def.1Pl]
[/V][Pst.Def.1Sg]
[/V][Pst.Def.2Pl]
[/V][Pst.Def.2Sg]
[/V][Pst.Def.3Pl]
[/V][Pst.Def.3Sg]
[/V][Pst.NDef.1Pl]
[/V][Pst.NDef.1Sg]
[/V][Pst.NDef.2Pl]
[/V][Pst.NDef.2Sg]
[/V][Pst.NDef.3Pl]
[/V][Pst.NDef.3Sg]
[/V][Pst.NDef.3Sg][Punct]
[/V][Punct]
[/V][Sbjv.1Sg›2]
[/V][Sbjv.Def.1Pl]
[/V][Sbjv.Def.1Sg]
[/V][Sbjv.Def.2Pl]
[/V][Sbjv.Def.2Sg]
[/V][Sbjv.Def.2Sg][Punct]
[/V][Sbjv.Def.3Pl]
[/V][Sbjv.Def.3Sg]
[/V][Sbjv.NDef.1Pl]
[/V][Sbjv.NDef.1Sg]
[/V][Sbjv.NDef.2Pl]
[/V][Sbjv.NDef.2Sg]
[/V][Sbjv.NDef.3Pl]
[/V][Sbjv.NDef.3Sg]
[/V][_VAdjz:nivaló/Adj][Acc]
[/V][_VAdjz:nivaló/Adj][Cau]
[/V][_VAdjz:nivaló/Adj][Del]
[/V][_VAdjz:nivaló/Adj][Ela]
[/V][_VAdjz:nivaló/Adj][Ine]
[/V][_VAdjz:nivaló/Adj][Ins]
[/V][_VAdjz:nivaló/Adj][_Manner/Adv]
[/V][_VAdjz:nivaló/Adj][Nom]
[/V][_VAdjz:nivaló/Adj][Pl][Acc]
[/V][_VAdjz:nivaló/Adj][Pl][Del]
[/V][_VAdjz:nivaló/Adj][Pl][Ill]
[/V][_VAdjz:nivaló/Adj][Pl][Ins]
[/V][_VAdjz:nivaló/Adj][Pl][Nom]
[/V][_VAdjz:nivaló/Adj][Pl.Poss.1Sg][Acc]
[/V][_VAdjz:nivaló/Adj][Pl.Poss.3Pl][Nom]
[/V][_VAdjz:nivaló/Adj][Pl.Poss.3Sg][Acc]
[/V][_VAdjz:nivaló/Adj][Poss.1Pl][Nom]
[/V][_VAdjz:nivaló/Adj][Poss.1Sg][Acc]
[/V][_VAdjz:nivaló/Adj][Poss.1Sg][Nom]
[/V][_VAdjz:nivaló/Adj][Poss.2Pl][Nom]
[/V][_VAdjz:nivaló/Adj][Poss.2Sg][Nom]
[/V][_VAdjz:nivaló/Adj][Poss.3Pl][Acc]
[/V][_VAdjz:nivaló/Adj][Poss.3Pl][Nom]
[/V][_VAdjz:nivaló/Adj][Poss.3Sg][Acc]
[/V][_VAdjz:nivaló/Adj][Poss.3Sg][Dat]
[/V][_VAdjz:nivaló/Adj][Poss.3Sg][Ins]
[/V][_VAdjz:nivaló/Adj][Poss.3Sg][Nom]
[/X]
[/X|Abbr]
[/X|Abbr][]
[/X|Abbr][Punct]
[/X][Punct]
